Training Round,Epochs,Scenario,Embedding,Tagging Scheme,Capitalisation Dim,Lower,Char LSTM Dim,Word LSTM Dim,Precision,Recall,F1 Score
0,5,selective,Wang2Vec,iob,False,False,25,100,58.95,54.79,56.79
0,5,selective,Wang2Vec,iob,False,False,25,200,61.6,52.06,56.43
0,5,selective,Wang2Vec,iob,False,False,50,100,66.5,47.47,55.4
0,5,selective,Wang2Vec,iob,False,False,50,200,58.54,50.74,54.36
0,5,selective,Wang2Vec,iob,False,True,25,100,66.28,67.73,67.0
0,5,selective,Wang2Vec,iob,False,True,25,200,71.0,62.67,66.58
0,5,selective,Wang2Vec,iob,False,True,50,100,70.14,65.18,67.57
0,5,selective,Wang2Vec,iob,False,True,50,200,66.93,63.57,65.21
0,5,selective,Wang2Vec,iob,True,False,25,100,58.62,57.55,58.08
0,5,selective,Wang2Vec,iob,True,False,25,200,64.42,50.45,56.59
0,5,selective,Wang2Vec,iob,True,False,50,100,66.29,48.87,56.26
0,5,selective,Wang2Vec,iob,True,False,50,200,57.48,26.17,35.97
0,5,selective,Wang2Vec,iob,True,True,25,100,70.32,62.53,66.2
0,5,selective,Wang2Vec,iob,True,True,25,200,69.64,62.93,66.11
0,5,selective,Wang2Vec,iob,True,True,50,100,69.42,64.29,66.75
0,5,selective,Wang2Vec,iob,True,True,50,200,68.37,64.72,66.49
0,5,selective,Wang2Vec,iobes,False,False,25,100,62.34,52.64,57.08
0,5,selective,Wang2Vec,iobes,False,False,25,200,59.79,51.34,55.25
0,5,selective,Wang2Vec,iobes,False,False,50,100,68.57,44.68,54.1
0,5,selective,Wang2Vec,iobes,False,False,50,200,59.35,54.03,56.57
0,5,selective,Wang2Vec,iobes,False,True,25,100,67.04,64.11,65.54
0,5,selective,Wang2Vec,iobes,False,True,25,200,69.78,62.6,66.0
0,5,selective,Wang2Vec,iobes,False,True,50,100,67.37,65.97,66.67
0,5,selective,Wang2Vec,iobes,False,True,50,200,1.09,6.92,1.88
0,5,selective,Wang2Vec,iobes,True,False,25,100,64.54,52.28,57.77
0,5,selective,Wang2Vec,iobes,True,False,25,200,58.86,54.54,56.62
0,5,selective,Wang2Vec,iobes,True,False,50,100,61.45,50.41,55.39
0,5,selective,Wang2Vec,iobes,True,False,50,200,61.48,55.11,58.12
0,5,selective,Wang2Vec,iobes,True,True,25,100,68.14,64.5,66.27
0,5,selective,Wang2Vec,iobes,True,True,25,200,68.93,65.15,66.99
0,5,selective,Wang2Vec,iobes,True,True,50,100,67.96,65.54,66.73
0,5,selective,Wang2Vec,iobes,True,True,50,200,69.48,63.36,66.28
1,5,selective,Wang2Vec,iob,False,False,25,100,61.85,51.27,56.07
1,5,selective,Wang2Vec,iob,False,False,25,200,56.21,51.63,53.82
1,5,selective,Wang2Vec,iob,False,False,50,100,67.49,47.19,55.54
1,5,selective,Wang2Vec,iob,False,False,50,200,55.18,55.4,55.29
1,5,selective,Wang2Vec,iob,False,True,25,100,6.3,4.34,5.14
1,5,selective,Wang2Vec,iob,False,True,25,200,67.96,65.94,66.93
1,5,selective,Wang2Vec,iob,False,True,50,100,68.92,63.93,66.33
1,5,selective,Wang2Vec,iob,False,True,50,200,69.12,65.08,67.04
1,5,selective,Wang2Vec,iob,True,False,25,100,57.52,55.79,56.64
1,5,selective,Wang2Vec,iob,True,False,25,200,62.77,52.96,57.45
1,5,selective,Wang2Vec,iob,True,False,50,100,58.25,53.28,55.66
1,5,selective,Wang2Vec,iob,True,False,50,200,55.42,58.69,57.01
1,5,selective,Wang2Vec,iob,True,True,25,100,72.07,64.29,67.96
1,5,selective,Wang2Vec,iob,True,True,25,200,66.6,50.7,57.57
1,5,selective,Wang2Vec,iob,True,True,50,100,65.53,68.16,66.82
1,5,selective,Wang2Vec,iob,True,True,50,200,69.04,64.43,66.65
1,5,selective,Wang2Vec,iobes,False,False,25,100,62.83,50.13,55.76
1,5,selective,Wang2Vec,iobes,False,False,25,200,62.47,48.87,54.84
1,5,selective,Wang2Vec,iobes,False,False,50,100,62.58,51.27,56.37
1,5,selective,Wang2Vec,iobes,False,False,50,200,63.49,47.83,54.56
1,5,selective,Wang2Vec,iobes,False,True,25,100,65.56,67.44,66.49
1,5,selective,Wang2Vec,iobes,False,True,25,200,68.39,65.4,66.86
1,5,selective,Wang2Vec,iobes,False,True,50,100,54.91,33.49,41.6
1,5,selective,Wang2Vec,iobes,False,True,50,200,68.18,67.69,67.94
1,5,selective,Wang2Vec,iobes,True,False,25,100,67.99,49.05,56.99
1,5,selective,Wang2Vec,iobes,True,False,25,200,55.97,53.1,54.5
1,5,selective,Wang2Vec,iobes,True,False,50,100,63.78,51.45,56.96
1,5,selective,Wang2Vec,iobes,True,False,50,200,59.66,53.6,56.47
1,5,selective,Wang2Vec,iobes,True,True,25,100,68.98,65.79,67.35
1,5,selective,Wang2Vec,iobes,True,True,25,200,67.23,68.77,67.99
1,5,selective,Wang2Vec,iobes,True,True,50,100,69.3,63.46,66.25
1,5,selective,Wang2Vec,iobes,True,True,50,200,68.85,62.67,65.62
2,5,selective,Wang2Vec,iob,False,False,25,100,61.27,53.32,57.02
2,5,selective,Wang2Vec,iob,False,False,25,200,65.25,47.26,54.81
2,5,selective,Wang2Vec,iob,False,False,50,100,57.63,57.01,57.32
2,5,selective,Wang2Vec,iob,False,False,50,200,61.6,51.42,56.05
2,5,selective,Wang2Vec,iob,False,True,25,100,0.0,0.0,0.0
2,5,selective,Wang2Vec,iob,False,True,25,200,65.21,67.87,66.51
2,5,selective,Wang2Vec,iob,False,True,50,100,69.69,64.79,67.15
2,5,selective,Wang2Vec,iob,False,True,50,200,72.78,63.93,68.07
2,5,selective,Wang2Vec,iob,True,False,25,100,41.52,37.4,39.35
2,5,selective,Wang2Vec,iob,True,False,25,200,63.72,49.87,55.95
2,5,selective,Wang2Vec,iob,True,False,50,100,63.61,51.02,56.63
2,5,selective,Wang2Vec,iob,True,False,50,200,58.16,50.84,54.26
2,5,selective,Wang2Vec,iob,True,True,25,100,70.46,63.71,66.92
2,5,selective,Wang2Vec,iob,True,True,25,200,68.29,66.87,67.57
2,5,selective,Wang2Vec,iob,True,True,50,100,69.18,65.9,67.5
2,5,selective,Wang2Vec,iob,True,True,50,200,69.35,65.08,67.15
2,5,selective,Wang2Vec,iobes,False,False,25,100,57.63,56.19,56.9
2,5,selective,Wang2Vec,iobes,False,False,25,200,62.95,51.67,56.75
2,5,selective,Wang2Vec,iobes,False,False,50,100,67.48,48.37,56.35
2,5,selective,Wang2Vec,iobes,False,False,50,200,63.77,55.86,59.56
2,5,selective,Wang2Vec,iobes,False,True,25,100,71.75,60.27,65.51
2,5,selective,Wang2Vec,iobes,False,True,25,200,70.41,65.01,67.6
2,5,selective,Wang2Vec,iobes,False,True,50,100,65.41,67.95,66.65
2,5,selective,Wang2Vec,iobes,False,True,50,200,67.28,66.8,67.04
2,5,selective,Wang2Vec,iobes,True,False,25,100,68.33,46.72,55.49
2,5,selective,Wang2Vec,iobes,True,False,25,200,64.74,50.56,56.77
2,5,selective,Wang2Vec,iobes,True,False,50,100,66.09,48.91,56.21
2,5,selective,Wang2Vec,iobes,True,False,50,200,59.31,54.0,56.53
2,5,selective,Wang2Vec,iobes,True,True,25,100,69.82,59.05,63.99
2,5,selective,Wang2Vec,iobes,True,True,25,200,68.31,67.23,67.76
2,5,selective,Wang2Vec,iobes,True,True,50,100,67.87,65.44,66.63
2,5,selective,Wang2Vec,iobes,True,True,50,200,67.1,66.19,66.64
3,5,selective,Wang2Vec,iob,False,False,25,100,63.34,46.83,53.84
3,5,selective,Wang2Vec,iob,False,False,25,200,63.69,46.72,53.9
3,5,selective,Wang2Vec,iob,False,False,50,100,60.92,50.91,55.47
3,5,selective,Wang2Vec,iob,False,False,50,200,59.98,53.78,56.71
3,5,selective,Wang2Vec,iob,False,True,25,100,62.63,69.27,65.78
3,5,selective,Wang2Vec,iob,False,True,25,200,66.09,64.86,65.47
3,5,selective,Wang2Vec,iob,False,True,50,100,69.41,63.71,66.44
3,5,selective,Wang2Vec,iob,False,True,50,200,63.47,68.59,65.93
3,5,selective,Wang2Vec,iob,True,False,25,100,63.18,50.7,56.26
3,5,selective,Wang2Vec,iob,True,False,25,200,60.85,48.66,54.07
3,5,selective,Wang2Vec,iob,True,False,50,100,59.39,54.07,56.61
3,5,selective,Wang2Vec,iob,True,False,50,200,64.81,49.34,56.03
3,5,selective,Wang2Vec,iob,True,True,25,100,63.43,66.37,64.87
3,5,selective,Wang2Vec,iob,True,True,25,200,67.17,66.69,66.93
3,5,selective,Wang2Vec,iob,True,True,50,100,71.44,61.89,66.32
3,5,selective,Wang2Vec,iob,True,True,50,200,71.36,62.82,66.82
3,5,selective,Wang2Vec,iobes,False,False,25,100,25.01,32.77,28.37
3,5,selective,Wang2Vec,iobes,False,False,25,200,66.6,45.89,54.34
3,5,selective,Wang2Vec,iobes,False,False,50,100,58.32,55.79,57.03
3,5,selective,Wang2Vec,iobes,False,False,50,200,45.45,21.69,29.37
3,5,selective,Wang2Vec,iobes,False,True,25,100,68.55,64.0,66.2
3,5,selective,Wang2Vec,iobes,False,True,25,200,0.52,5.67,0.95
3,5,selective,Wang2Vec,iobes,False,True,50,100,38.68,5.88,10.21
3,5,selective,Wang2Vec,iobes,False,True,50,200,69.97,62.75,66.16
3,5,selective,Wang2Vec,iobes,True,False,25,100,3.85,6.7,4.89
3,5,selective,Wang2Vec,iobes,True,False,25,200,56.26,56.08,56.17
3,5,selective,Wang2Vec,iobes,True,False,50,100,51.46,47.4,49.35
3,5,selective,Wang2Vec,iobes,True,False,50,200,58.32,56.9,57.6
3,5,selective,Wang2Vec,iobes,True,True,25,100,68.51,64.58,66.48
3,5,selective,Wang2Vec,iobes,True,True,25,200,67.52,67.01,67.27
3,5,selective,Wang2Vec,iobes,True,True,50,100,69.52,66.15,67.79
3,5,selective,Wang2Vec,iobes,True,True,50,200,67.29,65.79,66.53
4,5,selective,Wang2Vec,iob,False,False,25,100,56.52,55.79,56.15
4,5,selective,Wang2Vec,iob,False,False,25,200,65.93,47.04,54.91
4,5,selective,Wang2Vec,iob,False,False,50,100,60.89,49.62,54.68
4,5,selective,Wang2Vec,iob,False,False,50,200,63.4,53.42,57.99
4,5,selective,Wang2Vec,iob,False,True,25,100,66.62,66.12,66.37
4,5,selective,Wang2Vec,iob,False,True,25,200,53.14,3.33,6.28
4,5,selective,Wang2Vec,iob,False,True,50,100,68.53,65.65,67.06
4,5,selective,Wang2Vec,iob,False,True,50,200,37.58,6.35,10.86
4,5,selective,Wang2Vec,iob,True,False,25,100,64.9,47.87,55.1
4,5,selective,Wang2Vec,iob,True,False,25,200,65.18,48.8,55.81
4,5,selective,Wang2Vec,iob,True,False,50,100,59.47,54.71,56.99
4,5,selective,Wang2Vec,iob,True,False,50,200,58.61,56.01,57.28
4,5,selective,Wang2Vec,iob,True,True,25,100,70.19,66.44,68.26
4,5,selective,Wang2Vec,iob,True,True,25,200,57.07,27.21,36.85
4,5,selective,Wang2Vec,iob,True,True,50,100,69.27,65.72,67.45
4,5,selective,Wang2Vec,iob,True,True,50,200,70.41,63.39,66.72
4,5,selective,Wang2Vec,iobes,False,False,25,100,64.74,53.39,58.52
4,5,selective,Wang2Vec,iobes,False,False,25,200,60.74,48.55,53.97
4,5,selective,Wang2Vec,iobes,False,False,50,100,64.52,50.74,56.8
4,5,selective,Wang2Vec,iobes,False,False,50,200,59.64,54.57,56.99
4,5,selective,Wang2Vec,iobes,False,True,25,100,0.94,7.17,1.66
4,5,selective,Wang2Vec,iobes,False,True,25,200,69.61,62.24,65.72
4,5,selective,Wang2Vec,iobes,False,True,50,100,67.71,64.58,66.1
4,5,selective,Wang2Vec,iobes,False,True,50,200,63.65,67.05,65.3
4,5,selective,Wang2Vec,iobes,True,False,25,100,60.67,56.08,58.28
4,5,selective,Wang2Vec,iobes,True,False,25,200,61.0,51.2,55.67
4,5,selective,Wang2Vec,iobes,True,False,50,100,61.32,50.81,55.57
4,5,selective,Wang2Vec,iobes,True,False,50,200,55.43,62.24,58.64
4,5,selective,Wang2Vec,iobes,True,True,25,100,68.8,65.4,67.06
4,5,selective,Wang2Vec,iobes,True,True,25,200,68.0,65.01,66.47
4,5,selective,Wang2Vec,iobes,True,True,50,100,65.84,61.56,63.63
4,5,selective,Wang2Vec,iobes,True,True,50,200,65.71,67.19,66.44
5,5,selective,Wang2Vec,iob,False,False,25,100,63.14,48.76,55.03
5,5,selective,Wang2Vec,iob,False,False,25,200,60.81,50.63,55.25
5,5,selective,Wang2Vec,iob,False,False,50,100,19.9,18.61,19.23
5,5,selective,Wang2Vec,iob,False,False,50,200,67.85,45.79,54.68
5,5,selective,Wang2Vec,iob,False,True,25,100,65.49,68.59,67.01
5,5,selective,Wang2Vec,iob,False,True,25,200,69.49,63.54,66.38
5,5,selective,Wang2Vec,iob,False,True,50,100,67.93,67.44,67.69
5,5,selective,Wang2Vec,iob,False,True,50,200,0.5,0.61,0.55
5,5,selective,Wang2Vec,iob,True,False,25,100,62.93,50.09,55.78
5,5,selective,Wang2Vec,iob,True,False,25,200,66.39,46.68,54.82
5,5,selective,Wang2Vec,iob,True,False,50,100,62.85,50.05,55.73
5,5,selective,Wang2Vec,iob,True,False,50,200,15.53,34.17,21.36
5,5,selective,Wang2Vec,iob,True,True,25,100,71.54,64.54,67.86
5,5,selective,Wang2Vec,iob,True,True,25,200,70.18,62.85,66.31
5,5,selective,Wang2Vec,iob,True,True,50,100,68.55,63.79,66.08
5,5,selective,Wang2Vec,iob,True,True,50,200,66.65,67.8,67.22
5,5,selective,Wang2Vec,iobes,False,False,25,100,55.92,59.13,57.48
5,5,selective,Wang2Vec,iobes,False,False,25,200,15.81,17.14,16.45
5,5,selective,Wang2Vec,iobes,False,False,50,100,64.38,49.84,56.18
5,5,selective,Wang2Vec,iobes,False,False,50,200,62.37,52.6,57.07
5,5,selective,Wang2Vec,iobes,False,True,25,100,67.54,66.19,66.86
5,5,selective,Wang2Vec,iobes,False,True,25,200,67.21,65.4,66.29
5,5,selective,Wang2Vec,iobes,False,True,50,100,67.71,67.44,67.58
5,5,selective,Wang2Vec,iobes,False,True,50,200,69.0,63.86,66.33
5,5,selective,Wang2Vec,iobes,True,False,25,100,61.53,54.64,57.88
5,5,selective,Wang2Vec,iobes,True,False,25,200,62.28,49.26,55.02
5,5,selective,Wang2Vec,iobes,True,False,50,100,65.13,50.56,56.92
5,5,selective,Wang2Vec,iobes,True,False,50,200,59.67,53.53,56.44
5,5,selective,Wang2Vec,iobes,True,True,25,100,67.3,64.93,66.09
5,5,selective,Wang2Vec,iobes,True,True,25,200,68.91,63.25,65.96
5,5,selective,Wang2Vec,iobes,True,True,50,100,67.68,64.93,66.28
5,5,selective,Wang2Vec,iobes,True,True,50,200,67.26,66.3,66.78
6,5,selective,Wang2Vec,iob,False,False,25,100,58.63,52.85,55.59
6,5,selective,Wang2Vec,iob,False,False,25,200,66.8,47.11,55.26
6,5,selective,Wang2Vec,iob,False,False,50,100,59.76,52.13,55.69
6,5,selective,Wang2Vec,iob,False,False,50,200,61.56,53.28,57.12
6,5,selective,Wang2Vec,iob,False,True,25,100,69.88,65.72,67.74
6,5,selective,Wang2Vec,iob,False,True,25,200,64.61,67.08,65.82
6,5,selective,Wang2Vec,iob,False,True,50,100,72.42,63.0,67.38
6,5,selective,Wang2Vec,iob,False,True,50,200,69.31,65.58,67.39
6,5,selective,Wang2Vec,iob,True,False,25,100,57.43,55.97,56.69
6,5,selective,Wang2Vec,iob,True,False,25,200,58.12,55.18,56.61
6,5,selective,Wang2Vec,iob,True,False,50,100,66.04,47.97,55.58
6,5,selective,Wang2Vec,iob,True,False,50,200,62.32,47.44,53.87
6,5,selective,Wang2Vec,iob,True,True,25,100,66.97,68.2,67.58
6,5,selective,Wang2Vec,iob,True,True,25,200,69.11,63.21,66.03
6,5,selective,Wang2Vec,iob,True,True,50,100,67.18,62.96,65.0
6,5,selective,Wang2Vec,iob,True,True,50,200,51.32,18.86,27.58
6,5,selective,Wang2Vec,iobes,False,False,25,100,63.02,52.67,57.38
6,5,selective,Wang2Vec,iobes,False,False,25,200,63.91,51.31,56.92
6,5,selective,Wang2Vec,iobes,False,False,50,100,56.24,45.21,50.13
6,5,selective,Wang2Vec,iobes,False,False,50,200,61.98,55.0,58.28
6,5,selective,Wang2Vec,iobes,False,True,25,100,70.29,63.03,66.47
6,5,selective,Wang2Vec,iobes,False,True,25,200,72.08,61.38,66.31
6,5,selective,Wang2Vec,iobes,False,True,50,100,69.93,60.63,64.95
6,5,selective,Wang2Vec,iobes,False,True,50,200,67.73,62.24,64.87
6,5,selective,Wang2Vec,iobes,True,False,25,100,58.66,56.01,57.3
6,5,selective,Wang2Vec,iobes,True,False,25,200,60.61,51.81,55.87
6,5,selective,Wang2Vec,iobes,True,False,50,100,60.18,52.03,55.81
6,5,selective,Wang2Vec,iobes,True,False,50,200,56.73,19.51,29.03
6,5,selective,Wang2Vec,iobes,True,True,25,100,65.55,67.26,66.4
6,5,selective,Wang2Vec,iobes,True,True,25,200,65.63,67.98,66.78
6,5,selective,Wang2Vec,iobes,True,True,50,100,69.52,65.44,67.42
6,5,selective,Wang2Vec,iobes,True,True,50,200,70.25,62.57,66.19
7,5,selective,Wang2Vec,iob,False,False,25,100,59.74,53.35,56.36
7,5,selective,Wang2Vec,iob,False,False,25,200,60.09,50.09,54.63
7,5,selective,Wang2Vec,iob,False,False,50,100,62.21,54.82,58.28
7,5,selective,Wang2Vec,iob,False,False,50,200,58.11,46.11,51.42
7,5,selective,Wang2Vec,iob,False,True,25,100,64.56,61.85,63.18
7,5,selective,Wang2Vec,iob,False,True,25,200,67.97,64.61,66.25
7,5,selective,Wang2Vec,iob,False,True,50,100,66.7,68.38,67.53
7,5,selective,Wang2Vec,iob,False,True,50,200,1.84,1.43,1.61
7,5,selective,Wang2Vec,iob,True,False,25,100,61.78,54.14,57.71
7,5,selective,Wang2Vec,iob,True,False,25,200,67.23,48.69,56.48
7,5,selective,Wang2Vec,iob,True,False,50,100,64.0,48.69,55.3
7,5,selective,Wang2Vec,iob,True,False,50,200,61.64,54.86,58.05
7,5,selective,Wang2Vec,iob,True,True,25,100,66.29,67.19,66.74
7,5,selective,Wang2Vec,iob,True,True,25,200,56.89,53.46,55.12
7,5,selective,Wang2Vec,iob,True,True,50,100,68.19,65.4,66.76
7,5,selective,Wang2Vec,iob,True,True,50,200,72.62,60.38,65.94
7,5,selective,Wang2Vec,iobes,False,False,25,100,66.33,49.73,56.84
7,5,selective,Wang2Vec,iobes,False,False,25,200,62.75,50.48,55.95
7,5,selective,Wang2Vec,iobes,False,False,50,100,58.22,56.36,57.28
7,5,selective,Wang2Vec,iobes,False,False,50,200,59.95,55.72,57.76
7,5,selective,Wang2Vec,iobes,False,True,25,100,66.61,67.23,66.92
7,5,selective,Wang2Vec,iobes,False,True,25,200,65.67,65.83,65.75
7,5,selective,Wang2Vec,iobes,False,True,50,100,65.58,65.79,65.69
7,5,selective,Wang2Vec,iobes,False,True,50,200,69.05,64.79,66.85
7,5,selective,Wang2Vec,iobes,True,False,25,100,59.08,54.57,56.74
7,5,selective,Wang2Vec,iobes,True,False,25,200,66.12,48.08,55.68
7,5,selective,Wang2Vec,iobes,True,False,50,100,63.19,50.23,55.97
7,5,selective,Wang2Vec,iobes,True,False,50,200,64.53,49.7,56.15
7,5,selective,Wang2Vec,iobes,True,True,25,100,64.46,68.16,66.26
7,5,selective,Wang2Vec,iobes,True,True,25,200,69.24,63.43,66.21
7,5,selective,Wang2Vec,iobes,True,True,50,100,66.38,66.98,66.68
7,5,selective,Wang2Vec,iobes,True,True,50,200,70.19,63.57,66.72
8,5,selective,Wang2Vec,iob,False,False,25,100,67.69,46.04,54.8
8,5,selective,Wang2Vec,iob,False,False,25,200,61.95,52.42,56.79
8,5,selective,Wang2Vec,iob,False,False,50,100,64.86,48.19,55.3
8,5,selective,Wang2Vec,iob,False,False,50,200,62.58,50.2,55.71
8,5,selective,Wang2Vec,iob,False,True,25,100,66.14,64.65,65.39
8,5,selective,Wang2Vec,iob,False,True,25,200,67.82,64.75,66.25
8,5,selective,Wang2Vec,iob,False,True,50,100,68.22,64.72,66.42
8,5,selective,Wang2Vec,iob,False,True,50,200,72.16,63.0,67.27
8,5,selective,Wang2Vec,iob,True,False,25,100,62.09,54.21,57.89
8,5,selective,Wang2Vec,iob,True,False,25,200,63.93,47.79,54.7
8,5,selective,Wang2Vec,iob,True,False,50,100,64.19,46.4,53.86
8,5,selective,Wang2Vec,iob,True,False,50,200,7.3,6.24,6.73
8,5,selective,Wang2Vec,iob,True,True,25,100,74.07,25.1,37.49
8,5,selective,Wang2Vec,iob,True,True,25,200,70.22,60.95,65.26
8,5,selective,Wang2Vec,iob,True,True,50,100,67.32,65.44,66.36
8,5,selective,Wang2Vec,iob,True,True,50,200,65.96,66.22,66.09
8,5,selective,Wang2Vec,iobes,False,False,25,100,27.61,6.45,10.46
8,5,selective,Wang2Vec,iobes,False,False,25,200,65.38,46.72,54.5
8,5,selective,Wang2Vec,iobes,False,False,50,100,63.68,49.66,55.8
8,5,selective,Wang2Vec,iobes,False,False,50,200,66.73,47.69,55.63
8,5,selective,Wang2Vec,iobes,False,True,25,100,65.67,65.58,65.63
8,5,selective,Wang2Vec,iobes,False,True,25,200,71.04,58.48,64.15
8,5,selective,Wang2Vec,iobes,False,True,50,100,68.84,65.18,66.96
8,5,selective,Wang2Vec,iobes,False,True,50,200,67.59,64.83,66.18
8,5,selective,Wang2Vec,iobes,True,False,25,100,60.5,52.67,56.32
8,5,selective,Wang2Vec,iobes,True,False,25,200,55.89,55.11,55.5
8,5,selective,Wang2Vec,iobes,True,False,50,100,59.47,54.25,56.74
8,5,selective,Wang2Vec,iobes,True,False,50,200,59.48,53.89,56.55
8,5,selective,Wang2Vec,iobes,True,True,25,100,68.81,66.69,67.73
8,5,selective,Wang2Vec,iobes,True,True,25,200,64.81,66.3,65.54
8,5,selective,Wang2Vec,iobes,True,True,50,100,67.63,65.26,66.42
8,5,selective,Wang2Vec,iobes,True,True,50,200,69.16,62.39,65.6
9,5,selective,Wang2Vec,iob,False,False,25,100,53.7,55.47,54.57
9,5,selective,Wang2Vec,iob,False,False,25,200,66.05,49.87,56.83
9,5,selective,Wang2Vec,iob,False,False,50,100,61.85,51.45,56.18
9,5,selective,Wang2Vec,iob,False,False,50,200,63.89,51.2,56.85
9,5,selective,Wang2Vec,iob,False,True,25,100,67.51,67.05,67.28
9,5,selective,Wang2Vec,iob,False,True,25,200,69.7,62.42,65.86
9,5,selective,Wang2Vec,iob,False,True,50,100,64.38,66.55,65.44
9,5,selective,Wang2Vec,iob,False,True,50,200,19.86,16.03,17.74
9,5,selective,Wang2Vec,iob,True,False,25,100,65.47,48.4,55.66
9,5,selective,Wang2Vec,iob,True,False,25,200,56.34,56.72,56.53
9,5,selective,Wang2Vec,iob,True,False,50,100,58.95,53.71,56.21
9,5,selective,Wang2Vec,iob,True,False,50,200,61.76,51.2,55.99
9,5,selective,Wang2Vec,iob,True,True,25,100,65.34,65.9,65.62
9,5,selective,Wang2Vec,iob,True,True,25,200,69.7,63.5,66.45
9,5,selective,Wang2Vec,iob,True,True,50,100,68.69,66.62,67.64
9,5,selective,Wang2Vec,iob,True,True,50,200,68.45,64.25,66.28
9,5,selective,Wang2Vec,iobes,False,False,25,100,59.76,56.51,58.09
9,5,selective,Wang2Vec,iobes,False,False,25,200,67.82,49.26,57.07
9,5,selective,Wang2Vec,iobes,False,False,50,100,61.23,53.07,56.86
9,5,selective,Wang2Vec,iobes,False,False,50,200,62.22,52.03,56.67
9,5,selective,Wang2Vec,iobes,False,True,25,100,69.74,63.79,66.63
9,5,selective,Wang2Vec,iobes,False,True,25,200,67.52,62.24,64.78
9,5,selective,Wang2Vec,iobes,False,True,50,100,48.37,37.83,42.45
9,5,selective,Wang2Vec,iobes,False,True,50,200,68.91,63.64,66.17
9,5,selective,Wang2Vec,iobes,True,False,25,100,61.14,53.03,56.8
9,5,selective,Wang2Vec,iobes,True,False,25,200,56.11,59.09,57.56
9,5,selective,Wang2Vec,iobes,True,False,50,100,69.22,47.01,55.99
9,5,selective,Wang2Vec,iobes,True,False,50,200,66.45,52.06,58.38
9,5,selective,Wang2Vec,iobes,True,True,25,100,70.49,65.44,67.87
9,5,selective,Wang2Vec,iobes,True,True,25,200,69.6,64.43,66.91
9,5,selective,Wang2Vec,iobes,True,True,50,100,68.66,64.72,66.63
9,5,selective,Wang2Vec,iobes,True,True,50,200,67.61,65.4,66.48
0,5,selective,FastText,iob,False,False,25,100,58.83,56.51,57.64
0,5,selective,FastText,iob,False,False,25,200,61.47,47.54,53.62
0,5,selective,FastText,iob,False,False,50,100,63.31,50.48,56.17
0,5,selective,FastText,iob,False,False,50,200,60.44,52.1,55.96
0,5,selective,FastText,iob,False,True,25,100,65.9,65.54,65.72
0,5,selective,FastText,iob,False,True,25,200,1.19,12.8,2.19
0,5,selective,FastText,iob,False,True,50,100,70.2,57.44,63.18
0,5,selective,FastText,iob,False,True,50,200,64.21,64.97,64.59
0,5,selective,FastText,iob,True,False,25,100,68.63,48.01,56.5
0,5,selective,FastText,iob,True,False,25,200,58.4,51.74,54.87
0,5,selective,FastText,iob,True,False,50,100,65.1,51.02,57.21
0,5,selective,FastText,iob,True,False,50,200,65.6,50.95,57.36
0,5,selective,FastText,iob,True,True,25,100,70.04,64.04,66.9
0,5,selective,FastText,iob,True,True,25,200,65.86,63.14,64.47
0,5,selective,FastText,iob,True,True,50,100,68.98,63.14,65.93
0,5,selective,FastText,iob,True,True,50,200,64.75,62.57,63.64
0,5,selective,FastText,iobes,False,False,25,100,56.18,55.72,55.95
0,5,selective,FastText,iobes,False,False,25,200,56.11,57.26,56.68
0,5,selective,FastText,iobes,False,False,50,100,62.59,47.33,53.9
0,5,selective,FastText,iobes,False,False,50,200,62.52,51.74,56.62
0,5,selective,FastText,iobes,False,True,25,100,67.04,64.47,65.73
0,5,selective,FastText,iobes,False,True,25,200,70.48,61.56,65.72
0,5,selective,FastText,iobes,False,True,50,100,62.88,69.13,65.86
0,5,selective,FastText,iobes,False,True,50,200,57.35,56.26,56.8
0,5,selective,FastText,iobes,True,False,25,100,61.21,53.14,56.89
0,5,selective,FastText,iobes,True,False,25,200,63.94,50.16,56.22
0,5,selective,FastText,iobes,True,False,50,100,62.48,52.96,57.33
0,5,selective,FastText,iobes,True,False,50,200,62.93,52.78,57.41
0,5,selective,FastText,iobes,True,True,25,100,65.15,66.15,65.65
0,5,selective,FastText,iobes,True,True,25,200,68.65,60.45,64.29
0,5,selective,FastText,iobes,True,True,50,100,64.48,55.79,59.82
0,5,selective,FastText,iobes,True,True,50,200,65.28,65.65,65.46
1,5,selective,FastText,iob,False,False,25,100,64.86,50.77,56.96
1,5,selective,FastText,iob,False,False,25,200,59.18,53.53,56.21
1,5,selective,FastText,iob,False,False,50,100,16.5,21.76,18.77
1,5,selective,FastText,iob,False,False,50,200,17.8,27.64,21.65
1,5,selective,FastText,iob,False,True,25,100,65.59,68.02,66.78
1,5,selective,FastText,iob,False,True,25,200,64.76,62.93,63.83
1,5,selective,FastText,iob,False,True,50,100,0.0,0.0,0.0
1,5,selective,FastText,iob,False,True,50,200,70.51,58.73,64.08
1,5,selective,FastText,iob,True,False,25,100,58.89,51.06,54.7
1,5,selective,FastText,iob,True,False,25,200,58.95,56.08,57.48
1,5,selective,FastText,iob,True,False,50,100,55.75,55.97,55.86
1,5,selective,FastText,iob,True,False,50,200,60.51,50.99,55.34
1,5,selective,FastText,iob,True,True,25,100,67.07,65.36,66.21
1,5,selective,FastText,iob,True,True,25,200,70.44,60.67,65.19
1,5,selective,FastText,iob,True,True,50,100,70.01,60.77,65.07
1,5,selective,FastText,iob,True,True,50,200,64.83,62.32,63.55
1,5,selective,FastText,iobes,False,False,25,100,56.55,50.63,53.42
1,5,selective,FastText,iobes,False,False,25,200,61.49,54.11,57.56
1,5,selective,FastText,iobes,False,False,50,100,0.88,6.63,1.56
1,5,selective,FastText,iobes,False,False,50,200,60.74,50.81,55.33
1,5,selective,FastText,iobes,False,True,25,100,67.29,65.58,66.42
1,5,selective,FastText,iobes,False,True,25,200,65.66,60.81,63.14
1,5,selective,FastText,iobes,False,True,50,100,66.99,64.54,65.74
1,5,selective,FastText,iobes,False,True,50,200,68.99,63.18,65.96
1,5,selective,FastText,iobes,True,False,25,100,60.31,55.15,57.61
1,5,selective,FastText,iobes,True,False,25,200,64.33,48.69,55.43
1,5,selective,FastText,iobes,True,False,50,100,58.57,49.26,53.52
1,5,selective,FastText,iobes,True,False,50,200,68.6,45.43,54.66
1,5,selective,FastText,iobes,True,True,25,100,65.16,64.72,64.94
1,5,selective,FastText,iobes,True,True,25,200,68.7,64.29,66.42
1,5,selective,FastText,iobes,True,True,50,100,70.33,58.73,64.01
1,5,selective,FastText,iobes,True,True,50,200,68.6,61.1,64.63
2,5,selective,FastText,iob,False,False,25,100,63.22,51.77,56.93
2,5,selective,FastText,iob,False,False,25,200,59.14,51.85,55.25
2,5,selective,FastText,iob,False,False,50,100,63.67,48.83,55.28
2,5,selective,FastText,iob,False,False,50,200,62.07,51.81,56.48
2,5,selective,FastText,iob,False,True,25,100,68.06,60.88,64.27
2,5,selective,FastText,iob,False,True,25,200,64.95,62.24,63.57
2,5,selective,FastText,iob,False,True,50,100,66.39,63.46,64.89
2,5,selective,FastText,iob,False,True,50,200,68.45,61.53,64.8
2,5,selective,FastText,iob,True,False,25,100,61.24,50.48,55.35
2,5,selective,FastText,iob,True,False,25,200,61.59,52.49,56.68
2,5,selective,FastText,iob,True,False,50,100,64.08,52.71,57.84
2,5,selective,FastText,iob,True,False,50,200,59.79,53.21,56.31
2,5,selective,FastText,iob,True,True,25,100,71.36,60.67,65.58
2,5,selective,FastText,iob,True,True,25,200,66.23,65.18,65.7
2,5,selective,FastText,iob,True,True,50,100,67.3,66.26,66.78
2,5,selective,FastText,iob,True,True,50,200,65.69,63.21,64.43
2,5,selective,FastText,iobes,False,False,25,100,64.46,49.16,55.78
2,5,selective,FastText,iobes,False,False,25,200,66.12,50.38,57.18
2,5,selective,FastText,iobes,False,False,50,100,63.18,51.38,56.67
2,5,selective,FastText,iobes,False,False,50,200,67.36,47.36,55.62
2,5,selective,FastText,iobes,False,True,25,100,64.78,65.76,65.27
2,5,selective,FastText,iobes,False,True,25,200,66.86,64.54,65.68
2,5,selective,FastText,iobes,False,True,50,100,65.35,67.55,66.43
2,5,selective,FastText,iobes,False,True,50,200,67.68,63.61,65.58
2,5,selective,FastText,iobes,True,False,25,100,56.6,55.36,55.97
2,5,selective,FastText,iobes,True,False,25,200,66.12,51.02,57.6
2,5,selective,FastText,iobes,True,False,50,100,62.58,53.5,57.68
2,5,selective,FastText,iobes,True,False,50,200,54.6,54.93,54.76
2,5,selective,FastText,iobes,True,True,25,100,64.18,65.9,65.03
2,5,selective,FastText,iobes,True,True,25,200,69.67,59.88,64.4
2,5,selective,FastText,iobes,True,True,50,100,66.68,65.79,66.23
2,5,selective,FastText,iobes,True,True,50,200,69.13,63.03,65.94
3,5,selective,FastText,iob,False,False,25,100,59.05,56.76,57.88
3,5,selective,FastText,iob,False,False,25,200,64.73,46.65,54.22
3,5,selective,FastText,iob,False,False,50,100,55.8,57.4,56.59
3,5,selective,FastText,iob,False,False,50,200,60.07,52.49,56.03
3,5,selective,FastText,iob,False,True,25,100,65.48,64.22,64.84
3,5,selective,FastText,iob,False,True,25,200,69.79,61.89,65.6
3,5,selective,FastText,iob,False,True,50,100,66.75,64.0,65.35
3,5,selective,FastText,iob,False,True,50,200,68.42,62.14,65.13
3,5,selective,FastText,iob,True,False,25,100,59.05,56.51,57.75
3,5,selective,FastText,iob,True,False,25,200,54.02,56.11,55.05
3,5,selective,FastText,iob,True,False,50,100,57.36,55.75,56.55
3,5,selective,FastText,iob,True,False,50,200,56.4,57.48,56.93
3,5,selective,FastText,iob,True,True,25,100,68.51,63.89,66.12
3,5,selective,FastText,iob,True,True,25,200,66.86,61.63,64.14
3,5,selective,FastText,iob,True,True,50,100,67.58,66.15,66.86
3,5,selective,FastText,iob,True,True,50,200,66.31,63.86,65.06
3,5,selective,FastText,iobes,False,False,25,100,60.65,55.75,58.1
3,5,selective,FastText,iobes,False,False,25,200,66.38,46.72,54.84
3,5,selective,FastText,iobes,False,False,50,100,61.97,52.17,56.65
3,5,selective,FastText,iobes,False,False,50,200,60.66,53.57,56.89
3,5,selective,FastText,iobes,False,True,25,100,68.48,63.71,66.01
3,5,selective,FastText,iobes,False,True,25,200,69.53,58.34,63.44
3,5,selective,FastText,iobes,False,True,50,100,62.84,65.54,64.16
3,5,selective,FastText,iobes,False,True,50,200,68.79,60.7,64.5
3,5,selective,FastText,iobes,True,False,25,100,57.8,53.96,55.81
3,5,selective,FastText,iobes,True,False,25,200,63.93,51.74,57.19
3,5,selective,FastText,iobes,True,False,50,100,63.28,56.72,59.82
3,5,selective,FastText,iobes,True,False,50,200,47.94,29.69,36.67
3,5,selective,FastText,iobes,True,True,25,100,69.4,63.68,66.42
3,5,selective,FastText,iobes,True,True,25,200,66.56,62.46,64.45
3,5,selective,FastText,iobes,True,True,50,100,68.71,61.35,64.82
3,5,selective,FastText,iobes,True,True,50,200,66.06,66.15,66.11
4,5,selective,FastText,iob,False,False,25,100,58.87,55.11,56.93
4,5,selective,FastText,iob,False,False,25,200,59.54,54.18,56.73
4,5,selective,FastText,iob,False,False,50,100,57.93,55.29,56.58
4,5,selective,FastText,iob,False,False,50,200,62.26,52.06,56.71
4,5,selective,FastText,iob,False,True,25,100,62.95,68.66,65.68
4,5,selective,FastText,iob,False,True,25,200,68.91,61.74,65.13
4,5,selective,FastText,iob,False,True,50,100,68.59,61.53,64.86
4,5,selective,FastText,iob,False,True,50,200,65.83,63.68,64.73
4,5,selective,FastText,iob,True,False,25,100,54.3,55.97,55.12
4,5,selective,FastText,iob,True,False,25,200,59.49,50.59,54.68
4,5,selective,FastText,iob,True,False,50,100,61.02,53.39,56.95
4,5,selective,FastText,iob,True,False,50,200,61.97,51.88,56.48
4,5,selective,FastText,iob,True,True,25,100,64.57,65.01,64.78
4,5,selective,FastText,iob,True,True,25,200,66.42,63.97,65.17
4,5,selective,FastText,iob,True,True,50,100,68.92,64.72,66.75
4,5,selective,FastText,iob,True,True,50,200,64.34,44.25,52.43
4,5,selective,FastText,iobes,False,False,25,100,60.81,50.23,55.02
4,5,selective,FastText,iobes,False,False,25,200,58.78,53.39,55.96
4,5,selective,FastText,iobes,False,False,50,100,65.33,51.27,57.45
4,5,selective,FastText,iobes,False,False,50,200,58.87,50.7,54.48
4,5,selective,FastText,iobes,False,True,25,100,66.51,65.72,66.11
4,5,selective,FastText,iobes,False,True,25,200,66.47,63.68,65.04
4,5,selective,FastText,iobes,False,True,50,100,67.61,61.89,64.62
4,5,selective,FastText,iobes,False,True,50,200,68.23,63.07,65.55
4,5,selective,FastText,iobes,True,False,25,100,62.2,52.64,57.02
4,5,selective,FastText,iobes,True,False,25,200,62.08,51.77,56.46
4,5,selective,FastText,iobes,True,False,50,100,60.37,55.11,57.62
4,5,selective,FastText,iobes,True,False,50,200,58.3,55.25,56.74
4,5,selective,FastText,iobes,True,True,25,100,51.82,38.37,44.09
4,5,selective,FastText,iobes,True,True,25,200,68.08,61.1,64.4
4,5,selective,FastText,iobes,True,True,50,100,66.0,65.83,65.91
4,5,selective,FastText,iobes,True,True,50,200,66.94,64.32,65.61
5,5,selective,FastText,iob,False,False,25,100,59.32,48.73,53.5
5,5,selective,FastText,iob,False,False,25,200,60.04,50.81,55.04
5,5,selective,FastText,iob,False,False,50,100,62.74,49.7,55.46
5,5,selective,FastText,iob,False,False,50,200,61.19,53.32,56.98
5,5,selective,FastText,iob,False,True,25,100,66.98,65.76,66.37
5,5,selective,FastText,iob,False,True,25,200,63.28,65.61,64.43
5,5,selective,FastText,iob,False,True,50,100,73.04,58.87,65.2
5,5,selective,FastText,iob,False,True,50,200,66.58,64.22,65.38
5,5,selective,FastText,iob,True,False,25,100,58.26,51.34,54.58
5,5,selective,FastText,iob,True,False,25,200,58.13,53.17,55.54
5,5,selective,FastText,iob,True,False,50,100,63.06,51.77,56.86
5,5,selective,FastText,iob,True,False,50,200,57.81,56.01,56.89
5,5,selective,FastText,iob,True,True,25,100,65.83,67.08,66.45
5,5,selective,FastText,iob,True,True,25,200,50.97,8.46,14.51
5,5,selective,FastText,iob,True,True,50,100,47.91,16.06,24.06
5,5,selective,FastText,iob,True,True,50,200,69.77,59.09,63.99
5,5,selective,FastText,iobes,False,False,25,100,25.26,23.52,24.36
5,5,selective,FastText,iobes,False,False,25,200,24.49,22.12,23.25
5,5,selective,FastText,iobes,False,False,50,100,58.46,52.78,55.47
5,5,selective,FastText,iobes,False,False,50,200,60.88,52.46,56.36
5,5,selective,FastText,iobes,False,True,25,100,69.05,62.96,65.87
5,5,selective,FastText,iobes,False,True,25,200,64.66,64.36,64.51
5,5,selective,FastText,iobes,False,True,50,100,62.9,65.11,63.99
5,5,selective,FastText,iobes,False,True,50,200,0.86,6.49,1.51
5,5,selective,FastText,iobes,True,False,25,100,65.37,47.44,54.98
5,5,selective,FastText,iobes,True,False,25,200,61.82,50.34,55.49
5,5,selective,FastText,iobes,True,False,50,100,57.82,57.91,57.86
5,5,selective,FastText,iobes,True,False,50,200,58.44,59.59,59.01
5,5,selective,FastText,iobes,True,True,25,100,67.96,61.99,64.84
5,5,selective,FastText,iobes,True,True,25,200,70.6,62.17,66.12
5,5,selective,FastText,iobes,True,True,50,100,9.72,18.21,12.68
5,5,selective,FastText,iobes,True,True,50,200,65.02,66.44,65.72
6,5,selective,FastText,iob,False,False,25,100,59.65,50.99,54.98
6,5,selective,FastText,iob,False,False,25,200,0.8,6.13,1.41
6,5,selective,FastText,iob,False,False,50,100,65.21,49.12,56.03
6,5,selective,FastText,iob,False,False,50,200,63.76,50.16,56.15
6,5,selective,FastText,iob,False,True,25,100,65.37,65.51,65.44
6,5,selective,FastText,iob,False,True,25,200,66.55,65.61,66.08
6,5,selective,FastText,iob,False,True,50,100,64.64,66.48,65.55
6,5,selective,FastText,iob,False,True,50,200,64.7,66.51,65.59
6,5,selective,FastText,iob,True,False,25,100,60.17,56.54,58.3
6,5,selective,FastText,iob,True,False,25,200,64.07,51.27,56.96
6,5,selective,FastText,iob,True,False,50,100,60.35,54.46,57.26
6,5,selective,FastText,iob,True,False,50,200,59.14,56.01,57.53
6,5,selective,FastText,iob,True,True,25,100,65.03,66.8,65.9
6,5,selective,FastText,iob,True,True,25,200,67.68,64.43,66.02
6,5,selective,FastText,iob,True,True,50,100,67.45,61.89,64.55
6,5,selective,FastText,iob,True,True,50,200,66.72,63.11,64.86
6,5,selective,FastText,iobes,False,False,25,100,55.76,57.83,56.78
6,5,selective,FastText,iobes,False,False,25,200,54.23,55.9,55.05
6,5,selective,FastText,iobes,False,False,50,100,65.2,50.99,57.22
6,5,selective,FastText,iobes,False,False,50,200,61.37,53.5,57.16
6,5,selective,FastText,iobes,False,True,25,100,66.07,63.61,64.82
6,5,selective,FastText,iobes,False,True,25,200,63.71,63.71,63.71
6,5,selective,FastText,iobes,False,True,50,100,64.56,62.64,63.59
6,5,selective,FastText,iobes,False,True,50,200,69.64,59.05,63.91
6,5,selective,FastText,iobes,True,False,25,100,63.86,52.46,57.6
6,5,selective,FastText,iobes,True,False,25,200,64.18,50.23,56.36
6,5,selective,FastText,iobes,True,False,50,100,65.94,50.05,56.91
6,5,selective,FastText,iobes,True,False,50,200,65.79,49.52,56.51
6,5,selective,FastText,iobes,True,True,25,100,69.7,60.77,64.93
6,5,selective,FastText,iobes,True,True,25,200,69.92,58.26,63.56
6,5,selective,FastText,iobes,True,True,50,100,0.0,0.0,0.0
6,5,selective,FastText,iobes,True,True,50,200,66.77,61.6,64.08
7,5,selective,FastText,iob,False,False,25,100,63.9,50.59,56.47
7,5,selective,FastText,iob,False,False,25,200,63.99,49.7,55.94
7,5,selective,FastText,iob,False,False,50,100,58.32,58.66,58.49
7,5,selective,FastText,iob,False,False,50,200,59.25,53.85,56.42
7,5,selective,FastText,iob,False,True,25,100,64.63,64.4,64.51
7,5,selective,FastText,iob,False,True,25,200,67.9,62.96,65.34
7,5,selective,FastText,iob,False,True,50,100,50.83,50.56,50.69
7,5,selective,FastText,iob,False,True,50,200,67.18,62.96,65.0
7,5,selective,FastText,iob,True,False,25,100,61.11,49.3,54.57
7,5,selective,FastText,iob,True,False,25,200,65.43,48.87,55.95
7,5,selective,FastText,iob,True,False,50,100,64.94,50.34,56.72
7,5,selective,FastText,iob,True,False,50,200,58.57,37.11,45.43
7,5,selective,FastText,iob,True,True,25,100,69.11,61.92,65.32
7,5,selective,FastText,iob,True,True,25,200,67.66,63.75,65.65
7,5,selective,FastText,iob,True,True,50,100,67.98,63.03,65.41
7,5,selective,FastText,iob,True,True,50,200,67.38,63.93,65.61
7,5,selective,FastText,iobes,False,False,25,100,24.75,18.64,21.27
7,5,selective,FastText,iobes,False,False,25,200,60.98,50.38,55.17
7,5,selective,FastText,iobes,False,False,50,100,62.3,54.68,58.24
7,5,selective,FastText,iobes,False,False,50,200,0.55,5.84,1.01
7,5,selective,FastText,iobes,False,True,25,100,70.08,61.31,65.4
7,5,selective,FastText,iobes,False,True,25,200,4.08,2.72,3.27
7,5,selective,FastText,iobes,False,True,50,100,58.86,54.07,56.36
7,5,selective,FastText,iobes,False,True,50,200,2.85,1.65,2.09
7,5,selective,FastText,iobes,True,False,25,100,61.6,40.37,48.78
7,5,selective,FastText,iobes,True,False,25,200,58.95,55.72,57.29
7,5,selective,FastText,iobes,True,False,50,100,61.33,50.95,55.66
7,5,selective,FastText,iobes,True,False,50,200,65.58,48.23,55.58
7,5,selective,FastText,iobes,True,True,25,100,65.78,68.38,67.05
7,5,selective,FastText,iobes,True,True,25,200,67.15,59.52,63.11
7,5,selective,FastText,iobes,True,True,50,100,65.9,63.07,64.46
7,5,selective,FastText,iobes,True,True,50,200,1.22,12.94,2.23
8,5,selective,FastText,iob,False,False,25,100,59.73,56.47,58.05
8,5,selective,FastText,iob,False,False,25,200,62.53,51.09,56.24
8,5,selective,FastText,iob,False,False,50,100,63.83,50.48,56.38
8,5,selective,FastText,iob,False,False,50,200,47.27,19.9,28.01
8,5,selective,FastText,iob,False,True,25,100,65.45,62.89,64.14
8,5,selective,FastText,iob,False,True,25,200,55.47,33.99,42.15
8,5,selective,FastText,iob,False,True,50,100,67.28,61.85,64.45
8,5,selective,FastText,iob,False,True,50,200,62.07,64.14,63.09
8,5,selective,FastText,iob,True,False,25,100,60.23,55.32,57.67
8,5,selective,FastText,iob,True,False,25,200,62.84,50.81,56.19
8,5,selective,FastText,iob,True,False,50,100,67.22,47.72,55.82
8,5,selective,FastText,iob,True,False,50,200,63.16,50.41,56.07
8,5,selective,FastText,iob,True,True,25,100,66.06,65.26,65.66
8,5,selective,FastText,iob,True,True,25,200,69.72,61.35,65.27
8,5,selective,FastText,iob,True,True,50,100,68.67,60.34,64.24
8,5,selective,FastText,iob,True,True,50,200,66.09,66.05,66.07
8,5,selective,FastText,iobes,False,False,25,100,35.78,15.38,21.51
8,5,selective,FastText,iobes,False,False,25,200,56.42,56.69,56.56
8,5,selective,FastText,iobes,False,False,50,100,58.85,52.56,55.53
8,5,selective,FastText,iobes,False,False,50,200,61.78,52.85,56.97
8,5,selective,FastText,iobes,False,True,25,100,68.16,63.25,65.61
8,5,selective,FastText,iobes,False,True,25,200,66.8,64.22,65.48
8,5,selective,FastText,iobes,False,True,50,100,28.95,18.47,22.55
8,5,selective,FastText,iobes,False,True,50,200,64.67,62.75,63.69
8,5,selective,FastText,iobes,True,False,25,100,58.3,58.3,58.3
8,5,selective,FastText,iobes,True,False,25,200,0.64,6.7,1.17
8,5,selective,FastText,iobes,True,False,50,100,61.18,47.01,53.16
8,5,selective,FastText,iobes,True,False,50,200,61.37,53.89,57.39
8,5,selective,FastText,iobes,True,True,25,100,68.49,62.28,65.24
8,5,selective,FastText,iobes,True,True,25,200,68.66,62.6,65.49
8,5,selective,FastText,iobes,True,True,50,100,67.22,61.92,64.46
8,5,selective,FastText,iobes,True,True,50,200,66.97,62.67,64.75
9,5,selective,FastText,iob,False,False,25,100,62.26,55.36,58.61
9,5,selective,FastText,iob,False,False,25,200,0.0,0.0,0.0
9,5,selective,FastText,iob,False,False,50,100,66.93,47.9,55.84
9,5,selective,FastText,iob,False,False,50,200,66.88,47.87,55.8
9,5,selective,FastText,iob,False,True,25,100,70.89,59.73,64.84
9,5,selective,FastText,iob,False,True,25,200,64.45,61.56,62.97
9,5,selective,FastText,iob,False,True,50,100,66.87,65.51,66.18
9,5,selective,FastText,iob,False,True,50,200,64.4,63.5,63.95
9,5,selective,FastText,iob,True,False,25,100,60.78,55.5,58.02
9,5,selective,FastText,iob,True,False,25,200,46.99,19.61,27.68
9,5,selective,FastText,iob,True,False,50,100,62.5,49.84,55.46
9,5,selective,FastText,iob,True,False,50,200,62.5,45.0,52.32
9,5,selective,FastText,iob,True,True,25,100,69.21,62.07,65.44
9,5,selective,FastText,iob,True,True,25,200,69.13,62.96,65.9
9,5,selective,FastText,iob,True,True,50,100,66.05,65.51,65.78
9,5,selective,FastText,iob,True,True,50,200,68.36,60.67,64.29
9,5,selective,FastText,iobes,False,False,25,100,57.33,55.36,56.33
9,5,selective,FastText,iobes,False,False,25,200,61.13,49.62,54.78
9,5,selective,FastText,iobes,False,False,50,100,66.27,50.3,57.2
9,5,selective,FastText,iobes,False,False,50,200,60.17,53.78,56.8
9,5,selective,FastText,iobes,False,True,25,100,50.38,54.68,52.44
9,5,selective,FastText,iobes,False,True,25,200,66.26,66.91,66.58
9,5,selective,FastText,iobes,False,True,50,100,64.53,66.33,65.42
9,5,selective,FastText,iobes,False,True,50,200,65.64,65.83,65.74
9,5,selective,FastText,iobes,True,False,25,100,63.26,50.99,56.46
9,5,selective,FastText,iobes,True,False,25,200,64.7,51.6,57.41
9,5,selective,FastText,iobes,True,False,50,100,62.66,52.89,57.36
9,5,selective,FastText,iobes,True,False,50,200,59.52,53.82,56.52
9,5,selective,FastText,iobes,True,True,25,100,65.63,64.22,64.91
9,5,selective,FastText,iobes,True,True,25,200,67.2,63.03,65.05
9,5,selective,FastText,iobes,True,True,50,100,67.09,65.72,66.4
9,5,selective,FastText,iobes,True,True,50,200,52.58,28.5,36.97
0,5,selective,Glove,iob,False,False,25,100,59.87,51.2,55.2
0,5,selective,Glove,iob,False,False,25,200,62.64,45.68,52.83
0,5,selective,Glove,iob,False,False,50,100,57.35,54.54,55.91
0,5,selective,Glove,iob,False,False,50,200,59.45,51.09,54.96
0,5,selective,Glove,iob,False,True,25,100,65.74,60.42,62.97
0,5,selective,Glove,iob,False,True,25,200,68.0,58.98,63.17
0,5,selective,Glove,iob,False,True,50,100,62.77,62.5,62.63
0,5,selective,Glove,iob,False,True,50,200,59.19,63.97,61.49
0,5,selective,Glove,iob,True,False,25,100,59.85,50.77,54.94
0,5,selective,Glove,iob,True,False,25,200,58.76,52.31,55.35
0,5,selective,Glove,iob,True,False,50,100,63.94,48.51,55.17
0,5,selective,Glove,iob,True,False,50,200,59.85,49.98,54.47
0,5,selective,Glove,iob,True,True,25,100,64.04,64.61,64.32
0,5,selective,Glove,iob,True,True,25,200,63.89,62.42,63.15
0,5,selective,Glove,iob,True,True,50,100,62.41,63.28,62.84
0,5,selective,Glove,iob,True,True,50,200,64.25,57.48,60.67
0,5,selective,Glove,iobes,False,False,25,100,58.28,52.38,55.17
0,5,selective,Glove,iobes,False,False,25,200,57.44,53.42,55.36
0,5,selective,Glove,iobes,False,False,50,100,65.45,49.59,56.43
0,5,selective,Glove,iobes,False,False,50,200,62.22,50.3,55.63
0,5,selective,Glove,iobes,False,True,25,100,64.72,58.09,61.22
0,5,selective,Glove,iobes,False,True,25,200,65.07,58.05,61.36
0,5,selective,Glove,iobes,False,True,50,100,66.69,59.09,62.66
0,5,selective,Glove,iobes,False,True,50,200,33.26,27.21,29.93
0,5,selective,Glove,iobes,True,False,25,100,62.13,51.34,56.22
0,5,selective,Glove,iobes,True,False,25,200,63.89,47.26,54.33
0,5,selective,Glove,iobes,True,False,50,100,56.68,53.07,54.81
0,5,selective,Glove,iobes,True,False,50,200,56.98,56.94,56.96
0,5,selective,Glove,iobes,True,True,25,100,66.11,61.28,63.6
0,5,selective,Glove,iobes,True,True,25,200,63.13,61.63,62.37
0,5,selective,Glove,iobes,True,True,50,100,63.72,62.46,63.08
0,5,selective,Glove,iobes,True,True,50,200,69.0,58.66,63.41
1,5,selective,Glove,iob,False,False,25,100,56.48,52.85,54.6
1,5,selective,Glove,iob,False,False,25,200,57.49,52.03,54.62
1,5,selective,Glove,iob,False,False,50,100,59.04,43.89,50.35
1,5,selective,Glove,iob,False,False,50,200,61.59,43.24,50.81
1,5,selective,Glove,iob,False,True,25,100,61.41,62.03,61.72
1,5,selective,Glove,iob,False,True,25,200,68.68,57.01,62.3
1,5,selective,Glove,iob,False,True,50,100,70.18,55.79,62.17
1,5,selective,Glove,iob,False,True,50,200,66.1,59.63,62.7
1,5,selective,Glove,iob,True,False,25,100,56.89,52.99,54.87
1,5,selective,Glove,iob,True,False,25,200,57.68,53.6,55.57
1,5,selective,Glove,iob,True,False,50,100,53.33,57.12,55.16
1,5,selective,Glove,iob,True,False,50,200,63.19,46.97,53.89
1,5,selective,Glove,iob,True,True,25,100,62.25,59.95,61.08
1,5,selective,Glove,iob,True,True,25,200,62.69,64.11,63.39
1,5,selective,Glove,iob,True,True,50,100,64.68,63.11,63.88
1,5,selective,Glove,iob,True,True,50,200,63.53,61.71,62.6
1,5,selective,Glove,iobes,False,False,25,100,57.0,57.8,57.4
1,5,selective,Glove,iobes,False,False,25,200,39.93,17.14,23.98
1,5,selective,Glove,iobes,False,False,50,100,59.66,50.84,54.9
1,5,selective,Glove,iobes,False,False,50,200,61.46,50.48,55.43
1,5,selective,Glove,iobes,False,True,25,100,61.58,63.61,62.57
1,5,selective,Glove,iobes,False,True,25,200,65.58,60.67,63.03
1,5,selective,Glove,iobes,False,True,50,100,65.43,59.99,62.59
1,5,selective,Glove,iobes,False,True,50,200,63.46,61.2,62.31
1,5,selective,Glove,iobes,True,False,25,100,55.27,55.61,55.44
1,5,selective,Glove,iobes,True,False,25,200,61.55,50.27,55.34
1,5,selective,Glove,iobes,True,False,50,100,57.31,51.31,54.14
1,5,selective,Glove,iobes,True,False,50,200,56.78,54.21,55.47
1,5,selective,Glove,iobes,True,True,25,100,64.55,62.28,63.39
1,5,selective,Glove,iobes,True,True,25,200,66.59,59.88,63.05
1,5,selective,Glove,iobes,True,True,50,100,67.16,61.96,64.45
1,5,selective,Glove,iobes,True,True,50,200,63.38,63.43,63.41
2,5,selective,Glove,iob,False,False,25,100,63.82,47.51,54.47
2,5,selective,Glove,iob,False,False,25,200,59.95,51.42,55.36
2,5,selective,Glove,iob,False,False,50,100,60.64,50.48,55.1
2,5,selective,Glove,iob,False,False,50,200,61.49,49.23,54.68
2,5,selective,Glove,iob,False,True,25,100,64.66,63.43,64.04
2,5,selective,Glove,iob,False,True,25,200,62.89,61.67,62.27
2,5,selective,Glove,iob,False,True,50,100,62.29,57.8,59.96
2,5,selective,Glove,iob,False,True,50,200,67.59,58.69,62.83
2,5,selective,Glove,iob,True,False,25,100,58.32,51.42,54.65
2,5,selective,Glove,iob,True,False,25,200,59.59,51.92,55.49
2,5,selective,Glove,iob,True,False,50,100,36.85,27.68,31.61
2,5,selective,Glove,iob,True,False,50,200,58.39,51.77,54.88
2,5,selective,Glove,iob,True,True,25,100,66.08,61.67,63.8
2,5,selective,Glove,iob,True,True,25,200,65.99,58.66,62.11
2,5,selective,Glove,iob,True,True,50,100,66.5,63.36,64.89
2,5,selective,Glove,iob,True,True,50,200,13.29,21.3,16.37
2,5,selective,Glove,iobes,False,False,25,100,59.3,52.56,55.73
2,5,selective,Glove,iobes,False,False,25,200,58.93,53.96,56.34
2,5,selective,Glove,iobes,False,False,50,100,56.82,53.17,54.94
2,5,selective,Glove,iobes,False,False,50,200,66.06,46.47,54.56
2,5,selective,Glove,iobes,False,True,25,100,63.51,60.6,62.02
2,5,selective,Glove,iobes,False,True,25,200,33.48,2.69,4.98
2,5,selective,Glove,iobes,False,True,50,100,60.54,60.45,60.5
2,5,selective,Glove,iobes,False,True,50,200,65.67,63.25,64.44
2,5,selective,Glove,iobes,True,False,25,100,54.8,56.87,55.82
2,5,selective,Glove,iobes,True,False,25,200,55.92,55.36,55.64
2,5,selective,Glove,iobes,True,False,50,100,59.98,54.75,57.24
2,5,selective,Glove,iobes,True,False,50,200,63.52,47.76,54.52
2,5,selective,Glove,iobes,True,True,25,100,67.71,58.34,62.67
2,5,selective,Glove,iobes,True,True,25,200,63.6,60.2,61.85
2,5,selective,Glove,iobes,True,True,50,100,69.11,57.51,62.78
2,5,selective,Glove,iobes,True,True,50,200,63.53,59.34,61.36
3,5,selective,Glove,iob,False,False,25,100,57.15,51.74,54.31
3,5,selective,Glove,iob,False,False,25,200,55.91,52.71,54.26
3,5,selective,Glove,iob,False,False,50,100,63.33,50.66,56.29
3,5,selective,Glove,iob,False,False,50,200,63.68,46.4,53.68
3,5,selective,Glove,iob,False,True,25,100,11.18,17.35,13.6
3,5,selective,Glove,iob,False,True,25,200,60.05,63.75,61.84
3,5,selective,Glove,iob,False,True,50,100,62.17,64.93,63.52
3,5,selective,Glove,iob,False,True,50,200,62.5,63.0,62.75
3,5,selective,Glove,iob,True,False,25,100,57.28,50.09,53.44
3,5,selective,Glove,iob,True,False,25,200,59.64,51.56,55.31
3,5,selective,Glove,iob,True,False,50,100,62.74,47.94,54.35
3,5,selective,Glove,iob,True,False,50,200,60.38,50.77,55.16
3,5,selective,Glove,iob,True,True,25,100,60.11,63.64,61.83
3,5,selective,Glove,iob,True,True,25,200,64.21,61.49,62.82
3,5,selective,Glove,iob,True,True,50,100,64.23,61.74,62.96
3,5,selective,Glove,iob,True,True,50,200,65.81,61.42,63.54
3,5,selective,Glove,iobes,False,False,25,100,60.21,49.91,54.58
3,5,selective,Glove,iobes,False,False,25,200,52.61,53.78,53.19
3,5,selective,Glove,iobes,False,False,50,100,59.36,50.84,54.77
3,5,selective,Glove,iobes,False,False,50,200,63.93,45.57,53.21
3,5,selective,Glove,iobes,False,True,25,100,64.67,63.14,63.9
3,5,selective,Glove,iobes,False,True,25,200,65.23,59.52,62.24
3,5,selective,Glove,iobes,False,True,50,100,22.1,27.03,24.32
3,5,selective,Glove,iobes,False,True,50,200,69.92,57.26,62.96
3,5,selective,Glove,iobes,True,False,25,100,59.73,52.96,56.14
3,5,selective,Glove,iobes,True,False,25,200,62.26,51.06,56.11
3,5,selective,Glove,iobes,True,False,50,100,54.87,54.71,54.79
3,5,selective,Glove,iobes,True,False,50,200,51.71,42.27,46.52
3,5,selective,Glove,iobes,True,True,25,100,64.22,61.28,62.72
3,5,selective,Glove,iobes,True,True,25,200,63.36,63.86,63.61
3,5,selective,Glove,iobes,True,True,50,100,63.94,59.3,61.53
3,5,selective,Glove,iobes,True,True,50,200,63.67,61.71,62.67
4,5,selective,Glove,iob,False,False,25,100,57.34,55.18,56.24
4,5,selective,Glove,iob,False,False,25,200,58.2,52.06,54.96
4,5,selective,Glove,iob,False,False,50,100,58.12,53.39,55.65
4,5,selective,Glove,iob,False,False,50,200,55.83,50.27,52.91
4,5,selective,Glove,iob,False,True,25,100,66.92,57.44,61.82
4,5,selective,Glove,iob,False,True,25,200,63.0,63.0,63.0
4,5,selective,Glove,iob,False,True,50,100,66.78,61.99,64.3
4,5,selective,Glove,iob,False,True,50,200,66.61,61.31,63.85
4,5,selective,Glove,iob,True,False,25,100,54.53,55.04,54.78
4,5,selective,Glove,iob,True,False,25,200,54.67,50.95,52.75
4,5,selective,Glove,iob,True,False,50,100,60.26,48.87,53.97
4,5,selective,Glove,iob,True,False,50,200,66.61,46.22,54.57
4,5,selective,Glove,iob,True,True,25,100,7.52,3.69,4.95
4,5,selective,Glove,iob,True,True,25,200,67.09,55.4,60.68
4,5,selective,Glove,iob,True,True,50,100,66.95,58.41,62.39
4,5,selective,Glove,iob,True,True,50,200,65.96,61.71,63.76
4,5,selective,Glove,iobes,False,False,25,100,62.26,49.8,55.34
4,5,selective,Glove,iobes,False,False,25,200,60.44,48.98,54.11
4,5,selective,Glove,iobes,False,False,50,100,64.52,47.47,54.7
4,5,selective,Glove,iobes,False,False,50,200,59.9,54.11,56.86
4,5,selective,Glove,iobes,False,True,25,100,3.54,2.47,2.91
4,5,selective,Glove,iobes,False,True,25,200,65.14,60.77,62.88
4,5,selective,Glove,iobes,False,True,50,100,62.1,64.11,63.09
4,5,selective,Glove,iobes,False,True,50,200,66.79,60.34,63.4
4,5,selective,Glove,iobes,True,False,25,100,56.82,51.99,54.3
4,5,selective,Glove,iobes,True,False,25,200,56.4,50.7,53.4
4,5,selective,Glove,iobes,True,False,50,100,61.68,53.03,57.03
4,5,selective,Glove,iobes,True,False,50,200,57.56,54.86,56.18
4,5,selective,Glove,iobes,True,True,25,100,62.32,63.21,62.76
4,5,selective,Glove,iobes,True,True,25,200,64.95,61.85,63.36
4,5,selective,Glove,iobes,True,True,50,100,59.87,64.07,61.9
4,5,selective,Glove,iobes,True,True,50,200,70.08,58.95,64.03
5,5,selective,Glove,iob,False,False,25,100,55.82,54.71,55.26
5,5,selective,Glove,iob,False,False,25,200,63.44,46.72,53.81
5,5,selective,Glove,iob,False,False,50,100,61.5,51.02,55.77
5,5,selective,Glove,iob,False,False,50,200,59.43,52.21,55.58
5,5,selective,Glove,iob,False,True,25,100,65.18,59.81,62.38
5,5,selective,Glove,iob,False,True,25,200,61.01,59.63,60.31
5,5,selective,Glove,iob,False,True,50,100,66.02,60.81,63.31
5,5,selective,Glove,iob,False,True,50,200,66.16,62.46,64.26
5,5,selective,Glove,iob,True,False,25,100,58.16,48.3,52.77
5,5,selective,Glove,iob,True,False,25,200,62.81,43.24,51.22
5,5,selective,Glove,iob,True,False,50,100,58.46,52.67,55.41
5,5,selective,Glove,iob,True,False,50,200,59.31,51.85,55.33
5,5,selective,Glove,iob,True,True,25,100,64.3,59.99,62.07
5,5,selective,Glove,iob,True,True,25,200,65.3,58.16,61.52
5,5,selective,Glove,iob,True,True,50,100,64.72,60.7,62.65
5,5,selective,Glove,iob,True,True,50,200,66.16,60.85,63.39
5,5,selective,Glove,iobes,False,False,25,100,59.14,46.97,52.36
5,5,selective,Glove,iobes,False,False,25,200,59.31,53.24,56.11
5,5,selective,Glove,iobes,False,False,50,100,58.88,55.18,56.97
5,5,selective,Glove,iobes,False,False,50,200,61.23,50.16,55.14
5,5,selective,Glove,iobes,False,True,25,100,64.25,63.79,64.02
5,5,selective,Glove,iobes,False,True,25,200,60.35,63.68,61.97
5,5,selective,Glove,iobes,False,True,50,100,46.21,47.83,47.0
5,5,selective,Glove,iobes,False,True,50,200,65.78,60.92,63.25
5,5,selective,Glove,iobes,True,False,25,100,60.14,54.54,57.2
5,5,selective,Glove,iobes,True,False,25,200,14.08,15.17,14.6
5,5,selective,Glove,iobes,True,False,50,100,58.78,55.83,57.26
5,5,selective,Glove,iobes,True,False,50,200,2.59,3.87,3.1
5,5,selective,Glove,iobes,True,True,25,100,62.84,63.79,63.31
5,5,selective,Glove,iobes,True,True,25,200,65.6,59.02,62.14
5,5,selective,Glove,iobes,True,True,50,100,60.97,61.56,61.27
5,5,selective,Glove,iobes,True,True,50,200,61.34,61.78,61.56
6,5,selective,Glove,iob,False,False,25,100,58.58,57.3,57.93
6,5,selective,Glove,iob,False,False,25,200,56.58,51.31,53.82
6,5,selective,Glove,iob,False,False,50,100,66.43,47.47,55.37
6,5,selective,Glove,iob,False,False,50,200,55.24,52.71,53.94
6,5,selective,Glove,iob,False,True,25,100,63.16,60.13,61.61
6,5,selective,Glove,iob,False,True,25,200,67.41,56.01,61.18
6,5,selective,Glove,iob,False,True,50,100,60.04,60.6,60.31
6,5,selective,Glove,iob,False,True,50,200,66.43,59.52,62.78
6,5,selective,Glove,iob,True,False,25,100,56.52,56.9,56.71
6,5,selective,Glove,iob,True,False,25,200,59.86,46.9,52.59
6,5,selective,Glove,iob,True,False,50,100,58.35,49.59,53.62
6,5,selective,Glove,iob,True,False,50,200,57.85,53.53,55.61
6,5,selective,Glove,iob,True,True,25,100,62.07,64.36,63.19
6,5,selective,Glove,iob,True,True,25,200,60.49,64.22,62.3
6,5,selective,Glove,iob,True,True,50,100,64.72,61.89,63.27
6,5,selective,Glove,iob,True,True,50,200,63.85,62.5,63.16
6,5,selective,Glove,iobes,False,False,25,100,57.57,54.97,56.24
6,5,selective,Glove,iobes,False,False,25,200,63.64,49.52,55.7
6,5,selective,Glove,iobes,False,False,50,100,60.99,49.73,54.79
6,5,selective,Glove,iobes,False,False,50,200,65.16,48.62,55.69
6,5,selective,Glove,iobes,False,True,25,100,47.1,58.01,51.99
6,5,selective,Glove,iobes,False,True,25,200,66.32,58.87,62.37
6,5,selective,Glove,iobes,False,True,50,100,62.59,60.88,61.72
6,5,selective,Glove,iobes,False,True,50,200,64.98,61.53,63.2
6,5,selective,Glove,iobes,True,False,25,100,57.09,53.53,55.26
6,5,selective,Glove,iobes,True,False,25,200,62.65,49.01,55.0
6,5,selective,Glove,iobes,True,False,50,100,62.51,51.34,56.38
6,5,selective,Glove,iobes,True,False,50,200,58.45,53.93,56.1
6,5,selective,Glove,iobes,True,True,25,100,65.35,61.2,63.21
6,5,selective,Glove,iobes,True,True,25,200,0.55,5.84,1.01
6,5,selective,Glove,iobes,True,True,50,100,65.5,59.84,62.54
6,5,selective,Glove,iobes,True,True,50,200,64.46,63.61,64.03
7,5,selective,Glove,iob,False,False,25,100,55.5,55.15,55.32
7,5,selective,Glove,iob,False,False,25,200,36.76,4.48,7.99
7,5,selective,Glove,iob,False,False,50,100,58.27,51.31,54.57
7,5,selective,Glove,iob,False,False,50,200,58.28,54.14,56.13
7,5,selective,Glove,iob,False,True,25,100,64.75,62.82,63.77
7,5,selective,Glove,iob,False,True,25,200,66.65,61.13,63.77
7,5,selective,Glove,iob,False,True,50,100,67.5,60.63,63.88
7,5,selective,Glove,iob,False,True,50,200,66.34,56.62,61.09
7,5,selective,Glove,iob,True,False,25,100,61.54,48.66,54.35
7,5,selective,Glove,iob,True,False,25,200,53.67,57.98,55.74
7,5,selective,Glove,iob,True,False,50,100,59.24,49.41,53.88
7,5,selective,Glove,iob,True,False,50,200,59.47,48.73,53.57
7,5,selective,Glove,iob,True,True,25,100,62.91,63.18,63.04
7,5,selective,Glove,iob,True,True,25,200,66.27,57.69,61.68
7,5,selective,Glove,iob,True,True,50,100,64.38,58.77,61.44
7,5,selective,Glove,iob,True,True,50,200,63.42,57.51,60.32
7,5,selective,Glove,iobes,False,False,25,100,59.82,51.13,55.13
7,5,selective,Glove,iobes,False,False,25,200,62.17,50.56,55.76
7,5,selective,Glove,iobes,False,False,50,100,38.25,29.29,33.18
7,5,selective,Glove,iobes,False,False,50,200,62.3,47.11,53.65
7,5,selective,Glove,iobes,False,True,25,100,68.15,54.39,60.5
7,5,selective,Glove,iobes,False,True,25,200,64.29,60.99,62.59
7,5,selective,Glove,iobes,False,True,50,100,63.81,61.96,62.87
7,5,selective,Glove,iobes,False,True,50,200,60.21,62.17,61.17
7,5,selective,Glove,iobes,True,False,25,100,59.1,57.15,58.11
7,5,selective,Glove,iobes,True,False,25,200,15.66,26.68,19.73
7,5,selective,Glove,iobes,True,False,50,100,60.42,48.98,54.1
7,5,selective,Glove,iobes,True,False,50,200,62.95,44.17,51.92
7,5,selective,Glove,iobes,True,True,25,100,60.02,58.73,59.37
7,5,selective,Glove,iobes,True,True,25,200,62.06,60.99,61.52
7,5,selective,Glove,iobes,True,True,50,100,63.37,61.1,62.21
7,5,selective,Glove,iobes,True,True,50,200,64.29,61.06,62.63
8,5,selective,Glove,iob,False,False,25,100,59.2,53.89,56.42
8,5,selective,Glove,iob,False,False,25,200,59.34,49.87,54.2
8,5,selective,Glove,iob,False,False,50,100,52.71,52.64,52.67
8,5,selective,Glove,iob,False,False,50,200,62.33,46.32,53.15
8,5,selective,Glove,iob,False,True,25,100,70.76,56.65,62.92
8,5,selective,Glove,iob,False,True,25,200,65.92,57.15,61.23
8,5,selective,Glove,iob,False,True,50,100,62.53,62.46,62.49
8,5,selective,Glove,iob,False,True,50,200,67.68,56.47,61.57
8,5,selective,Glove,iob,True,False,25,100,59.26,50.02,54.25
8,5,selective,Glove,iob,True,False,25,200,55.13,55.9,55.51
8,5,selective,Glove,iob,True,False,50,100,58.07,53.82,55.86
8,5,selective,Glove,iob,True,False,50,200,58.07,50.7,54.13
8,5,selective,Glove,iob,True,True,25,100,68.38,57.76,62.62
8,5,selective,Glove,iob,True,True,25,200,70.45,55.65,62.18
8,5,selective,Glove,iob,True,True,50,100,65.06,62.1,63.55
8,5,selective,Glove,iob,True,True,50,200,64.95,63.39,64.16
8,5,selective,Glove,iobes,False,False,25,100,64.83,44.75,52.95
8,5,selective,Glove,iobes,False,False,25,200,56.14,1.15,2.25
8,5,selective,Glove,iobes,False,False,50,100,57.84,46.0,51.25
8,5,selective,Glove,iobes,False,False,50,200,65.71,46.58,54.51
8,5,selective,Glove,iobes,False,True,25,100,62.9,61.46,62.17
8,5,selective,Glove,iobes,False,True,25,200,64.77,62.89,63.82
8,5,selective,Glove,iobes,False,True,50,100,67.4,58.19,62.46
8,5,selective,Glove,iobes,False,True,50,200,65.56,61.17,63.29
8,5,selective,Glove,iobes,True,False,25,100,63.46,49.87,55.85
8,5,selective,Glove,iobes,True,False,25,200,61.31,51.99,56.27
8,5,selective,Glove,iobes,True,False,50,100,49.17,51.24,50.18
8,5,selective,Glove,iobes,True,False,50,200,62.36,49.19,55.0
8,5,selective,Glove,iobes,True,True,25,100,62.38,63.25,62.81
8,5,selective,Glove,iobes,True,True,25,200,64.71,58.84,61.63
8,5,selective,Glove,iobes,True,True,50,100,63.81,61.06,62.4
8,5,selective,Glove,iobes,True,True,50,200,71.89,54.0,61.67
9,5,selective,Glove,iob,False,False,25,100,60.01,53.75,56.71
9,5,selective,Glove,iob,False,False,25,200,58.5,47.62,52.5
9,5,selective,Glove,iob,False,False,50,100,62.01,48.98,54.73
9,5,selective,Glove,iob,False,False,50,200,60.18,50.13,54.69
9,5,selective,Glove,iob,False,True,25,100,68.47,58.55,63.12
9,5,selective,Glove,iob,False,True,25,200,64.18,61.42,62.77
9,5,selective,Glove,iob,False,True,50,100,62.7,63.18,62.94
9,5,selective,Glove,iob,False,True,50,200,2.69,0.93,1.39
9,5,selective,Glove,iob,True,False,25,100,60.39,54.5,57.29
9,5,selective,Glove,iob,True,False,25,200,58.54,48.4,52.99
9,5,selective,Glove,iob,True,False,50,100,59.51,52.64,55.86
9,5,selective,Glove,iob,True,False,50,200,57.4,53.96,55.63
9,5,selective,Glove,iob,True,True,25,100,64.38,62.46,63.4
9,5,selective,Glove,iob,True,True,25,200,61.21,61.46,61.33
9,5,selective,Glove,iob,True,True,50,100,62.75,61.42,62.08
9,5,selective,Glove,iob,True,True,50,200,66.6,56.76,61.29
9,5,selective,Glove,iobes,False,False,25,100,59.36,53.46,56.25
9,5,selective,Glove,iobes,False,False,25,200,57.84,51.45,54.46
9,5,selective,Glove,iobes,False,False,50,100,61.7,49.62,55.01
9,5,selective,Glove,iobes,False,False,50,200,59.61,53.07,56.15
9,5,selective,Glove,iobes,False,True,25,100,63.3,62.78,63.04
9,5,selective,Glove,iobes,False,True,25,200,63.22,58.3,60.66
9,5,selective,Glove,iobes,False,True,50,100,68.67,58.69,63.29
9,5,selective,Glove,iobes,False,True,50,200,61.59,65.94,63.69
9,5,selective,Glove,iobes,True,False,25,100,59.8,50.52,54.77
9,5,selective,Glove,iobes,True,False,25,200,62.6,51.38,56.44
9,5,selective,Glove,iobes,True,False,50,100,55.07,56.83,55.94
9,5,selective,Glove,iobes,True,False,50,200,51.41,57.55,54.31
9,5,selective,Glove,iobes,True,True,25,100,63.73,60.92,62.29
9,5,selective,Glove,iobes,True,True,25,200,65.74,61.63,63.62
9,5,selective,Glove,iobes,True,True,50,100,59.36,40.01,47.8
9,5,selective,Glove,iobes,True,True,50,200,52.02,59.91,55.69
0,5,selective,Word2Vec,iob,False,False,25,100,58.7,50.7,54.41
0,5,selective,Word2Vec,iob,False,False,25,200,54.51,54.14,54.33
0,5,selective,Word2Vec,iob,False,False,50,100,60.54,50.45,55.04
0,5,selective,Word2Vec,iob,False,False,50,200,62.1,49.87,55.32
0,5,selective,Word2Vec,iob,False,True,25,100,51.07,50.66,50.86
0,5,selective,Word2Vec,iob,False,True,25,200,52.43,46.36,49.21
0,5,selective,Word2Vec,iob,False,True,50,100,51.52,45.07,48.08
0,5,selective,Word2Vec,iob,False,True,50,200,49.78,48.69,49.23
0,5,selective,Word2Vec,iob,True,False,25,100,53.54,55.65,54.57
0,5,selective,Word2Vec,iob,True,False,25,200,59.82,45.86,51.92
0,5,selective,Word2Vec,iob,True,False,50,100,60.0,49.91,54.49
0,5,selective,Word2Vec,iob,True,False,50,200,5.98,18.25,9.01
0,5,selective,Word2Vec,iob,True,True,25,100,57.07,45.0,50.32
0,5,selective,Word2Vec,iob,True,True,25,200,47.99,41.2,44.34
0,5,selective,Word2Vec,iob,True,True,50,100,45.56,45.43,45.49
0,5,selective,Word2Vec,iob,True,True,50,200,51.8,48.37,50.03
0,5,selective,Word2Vec,iobes,False,False,25,100,60.67,49.34,54.42
0,5,selective,Word2Vec,iobes,False,False,25,200,58.13,50.88,54.26
0,5,selective,Word2Vec,iobes,False,False,50,100,57.52,52.92,55.13
0,5,selective,Word2Vec,iobes,False,False,50,200,59.53,48.26,53.31
0,5,selective,Word2Vec,iobes,False,True,25,100,44.95,41.16,42.97
0,5,selective,Word2Vec,iobes,False,True,25,200,48.83,44.21,46.41
0,5,selective,Word2Vec,iobes,False,True,50,100,52.6,50.45,51.5
0,5,selective,Word2Vec,iobes,False,True,50,200,52.2,48.87,50.48
0,5,selective,Word2Vec,iobes,True,False,25,100,64.21,45.93,53.55
0,5,selective,Word2Vec,iobes,True,False,25,200,57.01,52.49,54.66
0,5,selective,Word2Vec,iobes,True,False,50,100,62.36,49.01,54.89
0,5,selective,Word2Vec,iobes,True,False,50,200,58.54,52.74,55.49
0,5,selective,Word2Vec,iobes,True,True,25,100,57.18,44.71,50.18
0,5,selective,Word2Vec,iobes,True,True,25,200,48.75,43.24,45.83
0,5,selective,Word2Vec,iobes,True,True,50,100,51.53,49.52,50.5
0,5,selective,Word2Vec,iobes,True,True,50,200,47.49,51.27,49.31
1,5,selective,Word2Vec,iob,False,False,25,100,54.97,54.57,54.77
1,5,selective,Word2Vec,iob,False,False,25,200,51.66,54.0,52.81
1,5,selective,Word2Vec,iob,False,False,50,100,55.91,56.62,56.26
1,5,selective,Word2Vec,iob,False,False,50,200,59.94,50.05,54.55
1,5,selective,Word2Vec,iob,False,True,25,100,57.53,46.15,51.21
1,5,selective,Word2Vec,iob,False,True,25,200,48.45,46.5,47.46
1,5,selective,Word2Vec,iob,False,True,50,100,52.08,47.58,49.73
1,5,selective,Word2Vec,iob,False,True,50,200,43.89,48.91,46.26
1,5,selective,Word2Vec,iob,True,False,25,100,49.03,57.01,52.72
1,5,selective,Word2Vec,iob,True,False,25,200,57.49,49.84,53.39
1,5,selective,Word2Vec,iob,True,False,50,100,55.52,54.07,54.79
1,5,selective,Word2Vec,iob,True,False,50,200,57.39,53.6,55.43
1,5,selective,Word2Vec,iob,True,True,25,100,48.4,49.98,49.18
1,5,selective,Word2Vec,iob,True,True,25,200,52.9,45.5,48.92
1,5,selective,Word2Vec,iob,True,True,50,100,46.87,47.83,47.35
1,5,selective,Word2Vec,iob,True,True,50,200,50.92,43.78,47.08
1,5,selective,Word2Vec,iobes,False,False,25,100,55.87,56.15,56.01
1,5,selective,Word2Vec,iobes,False,False,25,200,58.48,47.47,52.4
1,5,selective,Word2Vec,iobes,False,False,50,100,60.82,51.49,55.77
1,5,selective,Word2Vec,iobes,False,False,50,200,58.66,51.95,55.11
1,5,selective,Word2Vec,iobes,False,True,25,100,52.93,50.2,51.53
1,5,selective,Word2Vec,iobes,False,True,25,200,52.41,47.65,49.92
1,5,selective,Word2Vec,iobes,False,True,50,100,57.03,44.35,49.9
1,5,selective,Word2Vec,iobes,False,True,50,200,52.81,46.18,49.27
1,5,selective,Word2Vec,iobes,True,False,25,100,60.1,51.85,55.67
1,5,selective,Word2Vec,iobes,True,False,25,200,59.31,51.49,55.12
1,5,selective,Word2Vec,iobes,True,False,50,100,60.15,48.98,53.99
1,5,selective,Word2Vec,iobes,True,False,50,200,56.4,49.44,52.69
1,5,selective,Word2Vec,iobes,True,True,25,100,50.3,48.8,49.54
1,5,selective,Word2Vec,iobes,True,True,25,200,55.52,43.24,48.62
1,5,selective,Word2Vec,iobes,True,True,50,100,55.23,43.96,48.95
1,5,selective,Word2Vec,iobes,True,True,50,200,52.64,48.23,50.34
2,5,selective,Word2Vec,iob,False,False,25,100,53.32,51.02,52.14
2,5,selective,Word2Vec,iob,False,False,25,200,59.59,47.33,52.76
2,5,selective,Word2Vec,iob,False,False,50,100,19.63,25.67,22.25
2,5,selective,Word2Vec,iob,False,False,50,200,61.29,47.51,53.52
2,5,selective,Word2Vec,iob,False,True,25,100,48.59,47.51,48.04
2,5,selective,Word2Vec,iob,False,True,25,200,53.04,42.6,47.25
2,5,selective,Word2Vec,iob,False,True,50,100,59.67,43.49,50.31
2,5,selective,Word2Vec,iob,False,True,50,200,51.99,52.85,52.42
2,5,selective,Word2Vec,iob,True,False,25,100,60.92,51.6,55.87
2,5,selective,Word2Vec,iob,True,False,25,200,56.32,53.85,55.06
2,5,selective,Word2Vec,iob,True,False,50,100,61.58,49.87,55.11
2,5,selective,Word2Vec,iob,True,False,50,200,60.3,49.66,54.46
2,5,selective,Word2Vec,iob,True,True,25,100,51.4,48.55,49.94
2,5,selective,Word2Vec,iob,True,True,25,200,53.1,46.4,49.52
2,5,selective,Word2Vec,iob,True,True,50,100,54.56,48.87,51.56
2,5,selective,Word2Vec,iob,True,True,50,200,55.6,49.16,52.18
2,5,selective,Word2Vec,iobes,False,False,25,100,63.05,46.93,53.81
2,5,selective,Word2Vec,iobes,False,False,25,200,60.69,50.09,54.88
2,5,selective,Word2Vec,iobes,False,False,50,100,57.19,55.22,56.18
2,5,selective,Word2Vec,iobes,False,False,50,200,55.85,55.25,55.55
2,5,selective,Word2Vec,iobes,False,True,25,100,56.8,38.47,45.87
2,5,selective,Word2Vec,iobes,False,True,25,200,47.4,51.34,49.29
2,5,selective,Word2Vec,iobes,False,True,50,100,43.24,48.4,45.68
2,5,selective,Word2Vec,iobes,False,True,50,200,61.4,38.33,47.2
2,5,selective,Word2Vec,iobes,True,False,25,100,54.64,55.29,54.96
2,5,selective,Word2Vec,iobes,True,False,25,200,57.48,54.82,56.12
2,5,selective,Word2Vec,iobes,True,False,50,100,54.3,51.63,52.93
2,5,selective,Word2Vec,iobes,True,False,50,200,41.28,19.61,26.59
2,5,selective,Word2Vec,iobes,True,True,25,100,57.55,42.63,48.98
2,5,selective,Word2Vec,iobes,True,True,25,200,45.76,42.52,44.08
2,5,selective,Word2Vec,iobes,True,True,50,100,54.46,48.12,51.09
2,5,selective,Word2Vec,iobes,True,True,50,200,54.6,43.64,48.51
3,5,selective,Word2Vec,iob,False,False,25,100,53.99,54.28,54.14
3,5,selective,Word2Vec,iob,False,False,25,200,52.34,52.03,52.18
3,5,selective,Word2Vec,iob,False,False,50,100,31.49,25.28,28.04
3,5,selective,Word2Vec,iob,False,False,50,200,55.42,52.6,53.97
3,5,selective,Word2Vec,iob,False,True,25,100,54.67,46.4,50.19
3,5,selective,Word2Vec,iob,False,True,25,200,49.56,42.56,45.79
3,5,selective,Word2Vec,iob,False,True,50,100,49.86,49.62,49.74
3,5,selective,Word2Vec,iob,False,True,50,200,53.11,48.01,50.43
3,5,selective,Word2Vec,iob,True,False,25,100,58.74,52.78,55.6
3,5,selective,Word2Vec,iob,True,False,25,200,63.26,48.66,55.01
3,5,selective,Word2Vec,iob,True,False,50,100,62.47,49.84,55.44
3,5,selective,Word2Vec,iob,True,False,50,200,59.61,53.14,56.19
3,5,selective,Word2Vec,iob,True,True,25,100,50.95,49.26,50.09
3,5,selective,Word2Vec,iob,True,True,25,200,52.87,43.64,47.81
3,5,selective,Word2Vec,iob,True,True,50,100,49.87,41.38,45.23
3,5,selective,Word2Vec,iob,True,True,50,200,52.3,47.33,49.69
3,5,selective,Word2Vec,iobes,False,False,25,100,56.96,53.68,55.27
3,5,selective,Word2Vec,iobes,False,False,25,200,61.11,49.98,54.99
3,5,selective,Word2Vec,iobes,False,False,50,100,59.54,52.38,55.73
3,5,selective,Word2Vec,iobes,False,False,50,200,59.04,52.46,55.55
3,5,selective,Word2Vec,iobes,False,True,25,100,51.28,45.21,48.06
3,5,selective,Word2Vec,iobes,False,True,25,200,48.73,40.66,44.33
3,5,selective,Word2Vec,iobes,False,True,50,100,47.45,46.65,47.04
3,5,selective,Word2Vec,iobes,False,True,50,200,49.31,48.51,48.91
3,5,selective,Word2Vec,iobes,True,False,25,100,60.12,49.52,54.31
3,5,selective,Word2Vec,iobes,True,False,25,200,64.6,48.94,55.69
3,5,selective,Word2Vec,iobes,True,False,50,100,61.76,50.56,55.6
3,5,selective,Word2Vec,iobes,True,False,50,200,0.19,0.18,0.19
3,5,selective,Word2Vec,iobes,True,True,25,100,45.41,49.3,47.28
3,5,selective,Word2Vec,iobes,True,True,25,200,49.27,48.37,48.81
3,5,selective,Word2Vec,iobes,True,True,50,100,54.27,45.32,49.39
3,5,selective,Word2Vec,iobes,True,True,50,200,48.54,46.5,47.5
4,5,selective,Word2Vec,iob,False,False,25,100,62.83,50.23,55.83
4,5,selective,Word2Vec,iob,False,False,25,200,60.06,48.8,53.85
4,5,selective,Word2Vec,iob,False,False,50,100,56.12,55.22,55.67
4,5,selective,Word2Vec,iob,False,False,50,200,52.49,58.59,55.37
4,5,selective,Word2Vec,iob,False,True,25,100,52.44,48.87,50.59
4,5,selective,Word2Vec,iob,False,True,25,200,12.84,22.59,16.37
4,5,selective,Word2Vec,iob,False,True,50,100,49.58,54.5,51.92
4,5,selective,Word2Vec,iob,False,True,50,200,52.11,50.95,51.52
4,5,selective,Word2Vec,iob,True,False,25,100,57.24,52.89,54.98
4,5,selective,Word2Vec,iob,True,False,25,200,63.42,44.39,52.23
4,5,selective,Word2Vec,iob,True,False,50,100,60.21,53.71,56.77
4,5,selective,Word2Vec,iob,True,False,50,200,10.11,13.77,11.66
4,5,selective,Word2Vec,iob,True,True,25,100,55.87,39.73,46.44
4,5,selective,Word2Vec,iob,True,True,25,200,48.0,46.58,47.28
4,5,selective,Word2Vec,iob,True,True,50,100,51.51,47.01,49.16
4,5,selective,Word2Vec,iob,True,True,50,200,37.88,40.01,38.92
4,5,selective,Word2Vec,iobes,False,False,25,100,50.83,55.83,53.21
4,5,selective,Word2Vec,iobes,False,False,25,200,52.35,54.36,53.33
4,5,selective,Word2Vec,iobes,False,False,50,100,57.62,53.42,55.44
4,5,selective,Word2Vec,iobes,False,False,50,200,57.86,53.71,55.71
4,5,selective,Word2Vec,iobes,False,True,25,100,48.22,47.69,47.95
4,5,selective,Word2Vec,iobes,False,True,25,200,52.24,48.87,50.5
4,5,selective,Word2Vec,iobes,False,True,50,100,53.16,46.4,49.55
4,5,selective,Word2Vec,iobes,False,True,50,200,54.59,44.75,49.18
4,5,selective,Word2Vec,iobes,True,False,25,100,55.88,51.77,53.75
4,5,selective,Word2Vec,iobes,True,False,25,200,65.87,43.46,52.37
4,5,selective,Word2Vec,iobes,True,False,50,100,55.09,51.24,53.09
4,5,selective,Word2Vec,iobes,True,False,50,200,57.79,47.9,52.38
4,5,selective,Word2Vec,iobes,True,True,25,100,46.98,48.8,47.87
4,5,selective,Word2Vec,iobes,True,True,25,200,48.48,46.22,47.32
4,5,selective,Word2Vec,iobes,True,True,50,100,49.95,50.38,50.16
4,5,selective,Word2Vec,iobes,True,True,50,200,58.87,42.95,49.67
5,5,selective,Word2Vec,iob,False,False,25,100,61.08,52.89,56.69
5,5,selective,Word2Vec,iob,False,False,25,200,55.1,55.79,55.44
5,5,selective,Word2Vec,iob,False,False,50,100,53.64,55.68,54.64
5,5,selective,Word2Vec,iob,False,False,50,200,58.55,51.06,54.55
5,5,selective,Word2Vec,iob,False,True,25,100,50.37,48.3,49.31
5,5,selective,Word2Vec,iob,False,True,25,200,53.2,50.3,51.71
5,5,selective,Word2Vec,iob,False,True,50,100,46.14,52.31,49.03
5,5,selective,Word2Vec,iob,False,True,50,200,51.54,46.25,48.75
5,5,selective,Word2Vec,iob,True,False,25,100,64.42,40.52,49.75
5,5,selective,Word2Vec,iob,True,False,25,200,55.89,50.88,53.27
5,5,selective,Word2Vec,iob,True,False,50,100,61.41,51.52,56.03
5,5,selective,Word2Vec,iob,True,False,50,200,58.3,49.73,53.68
5,5,selective,Word2Vec,iob,True,True,25,100,46.38,48.87,47.59
5,5,selective,Word2Vec,iob,True,True,25,200,55.21,46.0,50.19
5,5,selective,Word2Vec,iob,True,True,50,100,49.38,49.95,49.66
5,5,selective,Word2Vec,iob,True,True,50,200,49.91,47.87,48.87
5,5,selective,Word2Vec,iobes,False,False,25,100,60.18,49.05,54.05
5,5,selective,Word2Vec,iobes,False,False,25,200,58.01,48.69,52.94
5,5,selective,Word2Vec,iobes,False,False,50,100,58.76,53.28,55.89
5,5,selective,Word2Vec,iobes,False,False,50,200,64.11,45.86,53.47
5,5,selective,Word2Vec,iobes,False,True,25,100,49.83,46.07,47.88
5,5,selective,Word2Vec,iobes,False,True,25,200,50.55,45.79,48.05
5,5,selective,Word2Vec,iobes,False,True,50,100,56.06,43.92,49.26
5,5,selective,Word2Vec,iobes,False,True,50,200,49.33,50.3,49.81
5,5,selective,Word2Vec,iobes,True,False,25,100,54.96,52.6,53.76
5,5,selective,Word2Vec,iobes,True,False,25,200,60.92,49.7,54.74
5,5,selective,Word2Vec,iobes,True,False,50,100,60.15,53.35,56.55
5,5,selective,Word2Vec,iobes,True,False,50,200,66.2,45.57,53.98
5,5,selective,Word2Vec,iobes,True,True,25,100,55.96,43.78,49.12
5,5,selective,Word2Vec,iobes,True,True,25,200,52.32,43.99,47.8
5,5,selective,Word2Vec,iobes,True,True,50,100,46.98,51.6,49.18
5,5,selective,Word2Vec,iobes,True,True,50,200,45.32,50.56,47.8
6,5,selective,Word2Vec,iob,False,False,25,100,28.83,20.65,24.07
6,5,selective,Word2Vec,iob,False,False,25,200,54.08,54.46,54.27
6,5,selective,Word2Vec,iob,False,False,50,100,59.18,53.6,56.26
6,5,selective,Word2Vec,iob,False,False,50,200,63.11,48.58,54.9
6,5,selective,Word2Vec,iob,False,True,25,100,56.46,41.52,47.85
6,5,selective,Word2Vec,iob,False,True,25,200,48.68,42.85,45.58
6,5,selective,Word2Vec,iob,False,True,50,100,54.24,38.51,45.04
6,5,selective,Word2Vec,iob,False,True,50,200,45.51,52.28,48.66
6,5,selective,Word2Vec,iob,True,False,25,100,60.94,50.02,54.94
6,5,selective,Word2Vec,iob,True,False,25,200,63.5,45.11,52.75
6,5,selective,Word2Vec,iob,True,False,50,100,58.22,49.37,53.43
6,5,selective,Word2Vec,iob,True,False,50,200,62.59,51.42,56.46
6,5,selective,Word2Vec,iob,True,True,25,100,62.64,41.31,49.78
6,5,selective,Word2Vec,iob,True,True,25,200,48.72,48.58,48.65
6,5,selective,Word2Vec,iob,True,True,50,100,53.99,44.35,48.7
6,5,selective,Word2Vec,iob,True,True,50,200,54.08,44.21,48.65
6,5,selective,Word2Vec,iobes,False,False,25,100,59.58,49.95,54.34
6,5,selective,Word2Vec,iobes,False,False,25,200,53.49,53.32,53.4
6,5,selective,Word2Vec,iobes,False,False,50,100,56.94,54.14,55.5
6,5,selective,Word2Vec,iobes,False,False,50,200,62.62,50.34,55.81
6,5,selective,Word2Vec,iobes,False,True,25,100,49.75,49.84,49.79
6,5,selective,Word2Vec,iobes,False,True,25,200,47.35,45.89,46.61
6,5,selective,Word2Vec,iobes,False,True,50,100,49.95,49.7,49.82
6,5,selective,Word2Vec,iobes,False,True,50,200,52.99,41.34,46.45
6,5,selective,Word2Vec,iobes,True,False,25,100,60.9,46.86,52.97
6,5,selective,Word2Vec,iobes,True,False,25,200,59.4,53.03,56.03
6,5,selective,Word2Vec,iobes,True,False,50,100,50.74,58.05,54.15
6,5,selective,Word2Vec,iobes,True,False,50,200,61.01,47.19,53.21
6,5,selective,Word2Vec,iobes,True,True,25,100,51.42,48.58,49.96
6,5,selective,Word2Vec,iobes,True,True,25,200,51.12,47.4,49.19
6,5,selective,Word2Vec,iobes,True,True,50,100,47.34,50.77,49.0
6,5,selective,Word2Vec,iobes,True,True,50,200,49.83,52.1,50.94
7,5,selective,Word2Vec,iob,False,False,25,100,62.05,47.44,53.77
7,5,selective,Word2Vec,iob,False,False,25,200,61.99,50.23,55.5
7,5,selective,Word2Vec,iob,False,False,50,100,58.29,55.61,56.92
7,5,selective,Word2Vec,iob,False,False,50,200,55.09,50.81,52.86
7,5,selective,Word2Vec,iob,False,True,25,100,54.25,41.23,46.85
7,5,selective,Word2Vec,iob,False,True,25,200,49.05,48.98,49.01
7,5,selective,Word2Vec,iob,False,True,50,100,50.54,46.86,48.63
7,5,selective,Word2Vec,iob,False,True,50,200,52.19,44.07,47.78
7,5,selective,Word2Vec,iob,True,False,25,100,60.67,48.73,54.05
7,5,selective,Word2Vec,iob,True,False,25,200,51.44,52.56,52.0
7,5,selective,Word2Vec,iob,True,False,50,100,56.45,52.24,54.26
7,5,selective,Word2Vec,iob,True,False,50,200,56.23,50.02,52.94
7,5,selective,Word2Vec,iob,True,True,25,100,49.22,51.95,50.55
7,5,selective,Word2Vec,iob,True,True,25,200,52.8,43.89,47.93
7,5,selective,Word2Vec,iob,True,True,50,100,51.48,45.57,48.35
7,5,selective,Word2Vec,iob,True,True,50,200,52.23,43.99,47.76
7,5,selective,Word2Vec,iobes,False,False,25,100,57.96,49.19,53.22
7,5,selective,Word2Vec,iobes,False,False,25,200,59.33,51.63,55.21
7,5,selective,Word2Vec,iobes,False,False,50,100,59.89,50.05,54.53
7,5,selective,Word2Vec,iobes,False,False,50,200,45.1,40.44,42.65
7,5,selective,Word2Vec,iobes,False,True,25,100,55.64,42.81,48.39
7,5,selective,Word2Vec,iobes,False,True,25,200,47.74,45.46,46.57
7,5,selective,Word2Vec,iobes,False,True,50,100,57.66,38.87,46.43
7,5,selective,Word2Vec,iobes,False,True,50,200,53.94,46.83,50.13
7,5,selective,Word2Vec,iobes,True,False,25,100,56.72,50.52,53.44
7,5,selective,Word2Vec,iobes,True,False,25,200,57.93,49.26,53.25
7,5,selective,Word2Vec,iobes,True,False,50,100,47.99,59.88,53.28
7,5,selective,Word2Vec,iobes,True,False,50,200,54.48,53.6,54.04
7,5,selective,Word2Vec,iobes,True,True,25,100,53.69,42.49,47.44
7,5,selective,Word2Vec,iobes,True,True,25,200,53.37,37.15,43.81
7,5,selective,Word2Vec,iobes,True,True,50,100,53.02,45.0,48.68
7,5,selective,Word2Vec,iobes,True,True,50,200,54.73,46.43,50.24
8,5,selective,Word2Vec,iob,False,False,25,100,59.12,49.41,53.83
8,5,selective,Word2Vec,iob,False,False,25,200,61.0,48.91,54.29
8,5,selective,Word2Vec,iob,False,False,50,100,63.91,44.14,52.22
8,5,selective,Word2Vec,iob,False,False,50,200,58.04,47.47,52.23
8,5,selective,Word2Vec,iob,False,True,25,100,52.63,47.72,50.06
8,5,selective,Word2Vec,iob,False,True,25,200,51.84,49.55,50.67
8,5,selective,Word2Vec,iob,False,True,50,100,55.93,47.51,51.38
8,5,selective,Word2Vec,iob,False,True,50,200,56.61,39.62,46.61
8,5,selective,Word2Vec,iob,True,False,25,100,61.0,51.09,55.61
8,5,selective,Word2Vec,iob,True,False,25,200,64.75,48.8,55.65
8,5,selective,Word2Vec,iob,True,False,50,100,59.84,49.62,54.25
8,5,selective,Word2Vec,iob,True,False,50,200,51.27,52.92,52.08
8,5,selective,Word2Vec,iob,True,True,25,100,49.56,42.85,45.96
8,5,selective,Word2Vec,iob,True,True,25,200,54.6,42.56,47.83
8,5,selective,Word2Vec,iob,True,True,50,100,54.82,44.21,48.95
8,5,selective,Word2Vec,iob,True,True,50,200,49.82,44.35,46.93
8,5,selective,Word2Vec,iobes,False,False,25,100,54.29,50.41,52.28
8,5,selective,Word2Vec,iobes,False,False,25,200,56.86,49.16,52.73
8,5,selective,Word2Vec,iobes,False,False,50,100,57.19,55.04,56.09
8,5,selective,Word2Vec,iobes,False,False,50,200,57.8,53.78,55.72
8,5,selective,Word2Vec,iobes,False,True,25,100,51.55,48.15,49.8
8,5,selective,Word2Vec,iobes,False,True,25,200,52.93,45.68,49.04
8,5,selective,Word2Vec,iobes,False,True,50,100,52.07,47.87,49.88
8,5,selective,Word2Vec,iobes,False,True,50,200,51.62,50.74,51.18
8,5,selective,Word2Vec,iobes,True,False,25,100,59.46,52.49,55.76
8,5,selective,Word2Vec,iobes,True,False,25,200,61.79,47.26,53.56
8,5,selective,Word2Vec,iobes,True,False,50,100,56.2,52.85,54.47
8,5,selective,Word2Vec,iobes,True,False,50,200,58.9,52.1,55.29
8,5,selective,Word2Vec,iobes,True,True,25,100,49.16,48.19,48.67
8,5,selective,Word2Vec,iobes,True,True,25,200,47.15,52.24,49.57
8,5,selective,Word2Vec,iobes,True,True,50,100,49.65,50.91,50.27
8,5,selective,Word2Vec,iobes,True,True,50,200,49.33,44.6,46.85
9,5,selective,Word2Vec,iob,False,False,25,100,62.97,49.52,55.44
9,5,selective,Word2Vec,iob,False,False,25,200,67.88,42.88,52.56
9,5,selective,Word2Vec,iob,False,False,50,100,56.5,53.78,55.11
9,5,selective,Word2Vec,iob,False,False,50,200,53.05,53.32,53.18
9,5,selective,Word2Vec,iob,False,True,25,100,52.88,50.02,51.41
9,5,selective,Word2Vec,iob,False,True,25,200,51.21,44.93,47.86
9,5,selective,Word2Vec,iob,False,True,50,100,48.9,38.26,42.93
9,5,selective,Word2Vec,iob,False,True,50,200,53.92,46.4,49.87
9,5,selective,Word2Vec,iob,True,False,25,100,60.26,49.8,54.53
9,5,selective,Word2Vec,iob,True,False,25,200,53.88,52.78,53.32
9,5,selective,Word2Vec,iob,True,False,50,100,56.27,55.18,55.72
9,5,selective,Word2Vec,iob,True,False,50,200,60.33,52.67,56.24
9,5,selective,Word2Vec,iob,True,True,25,100,52.93,48.23,50.47
9,5,selective,Word2Vec,iob,True,True,25,200,50.44,53.39,51.87
9,5,selective,Word2Vec,iob,True,True,50,100,46.86,52.67,49.59
9,5,selective,Word2Vec,iob,True,True,50,200,55.14,43.1,48.38
9,5,selective,Word2Vec,iobes,False,False,25,100,59.74,50.59,54.79
9,5,selective,Word2Vec,iobes,False,False,25,200,51.19,54.82,52.94
9,5,selective,Word2Vec,iobes,False,False,50,100,59.56,51.85,55.43
9,5,selective,Word2Vec,iobes,False,False,50,200,56.36,54.36,55.34
9,5,selective,Word2Vec,iobes,False,True,25,100,47.82,46.47,47.14
9,5,selective,Word2Vec,iobes,False,True,25,200,53.66,46.76,49.97
9,5,selective,Word2Vec,iobes,False,True,50,100,51.79,52.81,52.3
9,5,selective,Word2Vec,iobes,False,True,50,200,55.89,43.24,48.76
9,5,selective,Word2Vec,iobes,True,False,25,100,57.79,50.95,54.15
9,5,selective,Word2Vec,iobes,True,False,25,200,55.91,52.06,53.92
9,5,selective,Word2Vec,iobes,True,False,50,100,58.84,53.35,55.96
9,5,selective,Word2Vec,iobes,True,False,50,200,55.1,53.07,54.06
9,5,selective,Word2Vec,iobes,True,True,25,100,51.59,43.06,46.94
9,5,selective,Word2Vec,iobes,True,True,25,200,52.38,45.0,48.41
9,5,selective,Word2Vec,iobes,True,True,50,100,49.53,46.83,48.14
9,5,selective,Word2Vec,iobes,True,True,50,200,56.24,42.95,48.71
