,Training_Round,Epochs,Scenario,Embedding,Tagging_Scheme,Capitalisation_Dim,Lower,Char_LSTM_Dim,Word_LSTM_Dim,Precision,Recall,F1_Score
0,0,5,selective,Wang2Vec,IOB2,False,False,25,100,58.95,54.79,56.79
1,0,5,selective,Wang2Vec,IOB2,False,False,25,200,61.6,52.06,56.43
2,0,5,selective,Wang2Vec,IOB2,False,False,50,100,66.5,47.47,55.4
3,0,5,selective,Wang2Vec,IOB2,False,False,50,200,58.54,50.74,54.36
4,0,5,selective,Wang2Vec,IOB2,False,True,25,100,66.28,67.73,67.0
5,0,5,selective,Wang2Vec,IOB2,False,True,25,200,71.0,62.67,66.58
6,0,5,selective,Wang2Vec,IOB2,False,True,50,100,70.14,65.18,67.57
7,0,5,selective,Wang2Vec,IOB2,False,True,50,200,66.93,63.57,65.21
8,0,5,selective,Wang2Vec,IOB2,True,False,25,100,58.62,57.55,58.08
9,0,5,selective,Wang2Vec,IOB2,True,False,25,200,64.42,50.45,56.59
10,0,5,selective,Wang2Vec,IOB2,True,False,50,100,66.29,48.87,56.26
12,0,5,selective,Wang2Vec,IOB2,True,True,25,100,70.32,62.53,66.2
13,0,5,selective,Wang2Vec,IOB2,True,True,25,200,69.64,62.93,66.11
14,0,5,selective,Wang2Vec,IOB2,True,True,50,100,69.42,64.29,66.75
15,0,5,selective,Wang2Vec,IOB2,True,True,50,200,68.37,64.72,66.49
16,0,5,selective,Wang2Vec,IOBES,False,False,25,100,62.34,52.64,57.08
17,0,5,selective,Wang2Vec,IOBES,False,False,25,200,59.79,51.34,55.25
18,0,5,selective,Wang2Vec,IOBES,False,False,50,100,68.57,44.68,54.1
19,0,5,selective,Wang2Vec,IOBES,False,False,50,200,59.35,54.03,56.57
20,0,5,selective,Wang2Vec,IOBES,False,True,25,100,67.04,64.11,65.54
21,0,5,selective,Wang2Vec,IOBES,False,True,25,200,69.78,62.6,66.0
22,0,5,selective,Wang2Vec,IOBES,False,True,50,100,67.37,65.97,66.67
24,0,5,selective,Wang2Vec,IOBES,True,False,25,100,64.54,52.28,57.77
25,0,5,selective,Wang2Vec,IOBES,True,False,25,200,58.86,54.54,56.62
26,0,5,selective,Wang2Vec,IOBES,True,False,50,100,61.45,50.41,55.39
27,0,5,selective,Wang2Vec,IOBES,True,False,50,200,61.48,55.11,58.12
28,0,5,selective,Wang2Vec,IOBES,True,True,25,100,68.14,64.5,66.27
29,0,5,selective,Wang2Vec,IOBES,True,True,25,200,68.93,65.15,66.99
30,0,5,selective,Wang2Vec,IOBES,True,True,50,100,67.96,65.54,66.73
31,0,5,selective,Wang2Vec,IOBES,True,True,50,200,69.48,63.36,66.28
32,1,5,selective,Wang2Vec,IOB2,False,False,25,100,61.85,51.27,56.07
33,1,5,selective,Wang2Vec,IOB2,False,False,25,200,56.21,51.63,53.82
34,1,5,selective,Wang2Vec,IOB2,False,False,50,100,67.49,47.19,55.54
35,1,5,selective,Wang2Vec,IOB2,False,False,50,200,55.18,55.4,55.29
37,1,5,selective,Wang2Vec,IOB2,False,True,25,200,67.96,65.94,66.93
38,1,5,selective,Wang2Vec,IOB2,False,True,50,100,68.92,63.93,66.33
39,1,5,selective,Wang2Vec,IOB2,False,True,50,200,69.12,65.08,67.04
40,1,5,selective,Wang2Vec,IOB2,True,False,25,100,57.52,55.79,56.64
41,1,5,selective,Wang2Vec,IOB2,True,False,25,200,62.77,52.96,57.45
42,1,5,selective,Wang2Vec,IOB2,True,False,50,100,58.25,53.28,55.66
43,1,5,selective,Wang2Vec,IOB2,True,False,50,200,55.42,58.69,57.01
44,1,5,selective,Wang2Vec,IOB2,True,True,25,100,72.07,64.29,67.96
45,1,5,selective,Wang2Vec,IOB2,True,True,25,200,66.6,50.7,57.57
46,1,5,selective,Wang2Vec,IOB2,True,True,50,100,65.53,68.16,66.82
47,1,5,selective,Wang2Vec,IOB2,True,True,50,200,69.04,64.43,66.65
48,1,5,selective,Wang2Vec,IOBES,False,False,25,100,62.83,50.13,55.76
49,1,5,selective,Wang2Vec,IOBES,False,False,25,200,62.47,48.87,54.84
50,1,5,selective,Wang2Vec,IOBES,False,False,50,100,62.58,51.27,56.37
51,1,5,selective,Wang2Vec,IOBES,False,False,50,200,63.49,47.83,54.56
52,1,5,selective,Wang2Vec,IOBES,False,True,25,100,65.56,67.44,66.49
53,1,5,selective,Wang2Vec,IOBES,False,True,25,200,68.39,65.4,66.86
55,1,5,selective,Wang2Vec,IOBES,False,True,50,200,68.18,67.69,67.94
56,1,5,selective,Wang2Vec,IOBES,True,False,25,100,67.99,49.05,56.99
57,1,5,selective,Wang2Vec,IOBES,True,False,25,200,55.97,53.1,54.5
58,1,5,selective,Wang2Vec,IOBES,True,False,50,100,63.78,51.45,56.96
59,1,5,selective,Wang2Vec,IOBES,True,False,50,200,59.66,53.6,56.47
60,1,5,selective,Wang2Vec,IOBES,True,True,25,100,68.98,65.79,67.35
61,1,5,selective,Wang2Vec,IOBES,True,True,25,200,67.23,68.77,67.99
62,1,5,selective,Wang2Vec,IOBES,True,True,50,100,69.3,63.46,66.25
63,1,5,selective,Wang2Vec,IOBES,True,True,50,200,68.85,62.67,65.62
64,2,5,selective,Wang2Vec,IOB2,False,False,25,100,61.27,53.32,57.02
65,2,5,selective,Wang2Vec,IOB2,False,False,25,200,65.25,47.26,54.81
66,2,5,selective,Wang2Vec,IOB2,False,False,50,100,57.63,57.01,57.32
67,2,5,selective,Wang2Vec,IOB2,False,False,50,200,61.6,51.42,56.05
69,2,5,selective,Wang2Vec,IOB2,False,True,25,200,65.21,67.87,66.51
70,2,5,selective,Wang2Vec,IOB2,False,True,50,100,69.69,64.79,67.15
71,2,5,selective,Wang2Vec,IOB2,False,True,50,200,72.78,63.93,68.07
73,2,5,selective,Wang2Vec,IOB2,True,False,25,200,63.72,49.87,55.95
74,2,5,selective,Wang2Vec,IOB2,True,False,50,100,63.61,51.02,56.63
75,2,5,selective,Wang2Vec,IOB2,True,False,50,200,58.16,50.84,54.26
76,2,5,selective,Wang2Vec,IOB2,True,True,25,100,70.46,63.71,66.92
77,2,5,selective,Wang2Vec,IOB2,True,True,25,200,68.29,66.87,67.57
78,2,5,selective,Wang2Vec,IOB2,True,True,50,100,69.18,65.9,67.5
79,2,5,selective,Wang2Vec,IOB2,True,True,50,200,69.35,65.08,67.15
80,2,5,selective,Wang2Vec,IOBES,False,False,25,100,57.63,56.19,56.9
81,2,5,selective,Wang2Vec,IOBES,False,False,25,200,62.95,51.67,56.75
82,2,5,selective,Wang2Vec,IOBES,False,False,50,100,67.48,48.37,56.35
83,2,5,selective,Wang2Vec,IOBES,False,False,50,200,63.77,55.86,59.56
84,2,5,selective,Wang2Vec,IOBES,False,True,25,100,71.75,60.27,65.51
85,2,5,selective,Wang2Vec,IOBES,False,True,25,200,70.41,65.01,67.6
86,2,5,selective,Wang2Vec,IOBES,False,True,50,100,65.41,67.95,66.65
87,2,5,selective,Wang2Vec,IOBES,False,True,50,200,67.28,66.8,67.04
88,2,5,selective,Wang2Vec,IOBES,True,False,25,100,68.33,46.72,55.49
89,2,5,selective,Wang2Vec,IOBES,True,False,25,200,64.74,50.56,56.77
90,2,5,selective,Wang2Vec,IOBES,True,False,50,100,66.09,48.91,56.21
91,2,5,selective,Wang2Vec,IOBES,True,False,50,200,59.31,54.0,56.53
92,2,5,selective,Wang2Vec,IOBES,True,True,25,100,69.82,59.05,63.99
93,2,5,selective,Wang2Vec,IOBES,True,True,25,200,68.31,67.23,67.76
94,2,5,selective,Wang2Vec,IOBES,True,True,50,100,67.87,65.44,66.63
95,2,5,selective,Wang2Vec,IOBES,True,True,50,200,67.1,66.19,66.64
96,3,5,selective,Wang2Vec,IOB2,False,False,25,100,63.34,46.83,53.84
97,3,5,selective,Wang2Vec,IOB2,False,False,25,200,63.69,46.72,53.9
98,3,5,selective,Wang2Vec,IOB2,False,False,50,100,60.92,50.91,55.47
99,3,5,selective,Wang2Vec,IOB2,False,False,50,200,59.98,53.78,56.71
100,3,5,selective,Wang2Vec,IOB2,False,True,25,100,62.63,69.27,65.78
101,3,5,selective,Wang2Vec,IOB2,False,True,25,200,66.09,64.86,65.47
102,3,5,selective,Wang2Vec,IOB2,False,True,50,100,69.41,63.71,66.44
103,3,5,selective,Wang2Vec,IOB2,False,True,50,200,63.47,68.59,65.93
104,3,5,selective,Wang2Vec,IOB2,True,False,25,100,63.18,50.7,56.26
105,3,5,selective,Wang2Vec,IOB2,True,False,25,200,60.85,48.66,54.07
106,3,5,selective,Wang2Vec,IOB2,True,False,50,100,59.39,54.07,56.61
107,3,5,selective,Wang2Vec,IOB2,True,False,50,200,64.81,49.34,56.03
108,3,5,selective,Wang2Vec,IOB2,True,True,25,100,63.43,66.37,64.87
109,3,5,selective,Wang2Vec,IOB2,True,True,25,200,67.17,66.69,66.93
110,3,5,selective,Wang2Vec,IOB2,True,True,50,100,71.44,61.89,66.32
111,3,5,selective,Wang2Vec,IOB2,True,True,50,200,71.36,62.82,66.82
113,3,5,selective,Wang2Vec,IOBES,False,False,25,200,66.6,45.89,54.34
114,3,5,selective,Wang2Vec,IOBES,False,False,50,100,58.32,55.79,57.03
116,3,5,selective,Wang2Vec,IOBES,False,True,25,100,68.55,64.0,66.2
119,3,5,selective,Wang2Vec,IOBES,False,True,50,200,69.97,62.75,66.16
121,3,5,selective,Wang2Vec,IOBES,True,False,25,200,56.26,56.08,56.17
123,3,5,selective,Wang2Vec,IOBES,True,False,50,200,58.32,56.9,57.6
124,3,5,selective,Wang2Vec,IOBES,True,True,25,100,68.51,64.58,66.48
125,3,5,selective,Wang2Vec,IOBES,True,True,25,200,67.52,67.01,67.27
126,3,5,selective,Wang2Vec,IOBES,True,True,50,100,69.52,66.15,67.79
127,3,5,selective,Wang2Vec,IOBES,True,True,50,200,67.29,65.79,66.53
128,4,5,selective,Wang2Vec,IOB2,False,False,25,100,56.52,55.79,56.15
129,4,5,selective,Wang2Vec,IOB2,False,False,25,200,65.93,47.04,54.91
130,4,5,selective,Wang2Vec,IOB2,False,False,50,100,60.89,49.62,54.68
131,4,5,selective,Wang2Vec,IOB2,False,False,50,200,63.4,53.42,57.99
132,4,5,selective,Wang2Vec,IOB2,False,True,25,100,66.62,66.12,66.37
134,4,5,selective,Wang2Vec,IOB2,False,True,50,100,68.53,65.65,67.06
136,4,5,selective,Wang2Vec,IOB2,True,False,25,100,64.9,47.87,55.1
137,4,5,selective,Wang2Vec,IOB2,True,False,25,200,65.18,48.8,55.81
138,4,5,selective,Wang2Vec,IOB2,True,False,50,100,59.47,54.71,56.99
139,4,5,selective,Wang2Vec,IOB2,True,False,50,200,58.61,56.01,57.28
140,4,5,selective,Wang2Vec,IOB2,True,True,25,100,70.19,66.44,68.26
142,4,5,selective,Wang2Vec,IOB2,True,True,50,100,69.27,65.72,67.45
143,4,5,selective,Wang2Vec,IOB2,True,True,50,200,70.41,63.39,66.72
144,4,5,selective,Wang2Vec,IOBES,False,False,25,100,64.74,53.39,58.52
145,4,5,selective,Wang2Vec,IOBES,False,False,25,200,60.74,48.55,53.97
146,4,5,selective,Wang2Vec,IOBES,False,False,50,100,64.52,50.74,56.8
147,4,5,selective,Wang2Vec,IOBES,False,False,50,200,59.64,54.57,56.99
149,4,5,selective,Wang2Vec,IOBES,False,True,25,200,69.61,62.24,65.72
150,4,5,selective,Wang2Vec,IOBES,False,True,50,100,67.71,64.58,66.1
151,4,5,selective,Wang2Vec,IOBES,False,True,50,200,63.65,67.05,65.3
152,4,5,selective,Wang2Vec,IOBES,True,False,25,100,60.67,56.08,58.28
153,4,5,selective,Wang2Vec,IOBES,True,False,25,200,61.0,51.2,55.67
154,4,5,selective,Wang2Vec,IOBES,True,False,50,100,61.32,50.81,55.57
155,4,5,selective,Wang2Vec,IOBES,True,False,50,200,55.43,62.24,58.64
156,4,5,selective,Wang2Vec,IOBES,True,True,25,100,68.8,65.4,67.06
157,4,5,selective,Wang2Vec,IOBES,True,True,25,200,68.0,65.01,66.47
158,4,5,selective,Wang2Vec,IOBES,True,True,50,100,65.84,61.56,63.63
159,4,5,selective,Wang2Vec,IOBES,True,True,50,200,65.71,67.19,66.44
160,5,5,selective,Wang2Vec,IOB2,False,False,25,100,63.14,48.76,55.03
161,5,5,selective,Wang2Vec,IOB2,False,False,25,200,60.81,50.63,55.25
163,5,5,selective,Wang2Vec,IOB2,False,False,50,200,67.85,45.79,54.68
164,5,5,selective,Wang2Vec,IOB2,False,True,25,100,65.49,68.59,67.01
165,5,5,selective,Wang2Vec,IOB2,False,True,25,200,69.49,63.54,66.38
166,5,5,selective,Wang2Vec,IOB2,False,True,50,100,67.93,67.44,67.69
168,5,5,selective,Wang2Vec,IOB2,True,False,25,100,62.93,50.09,55.78
169,5,5,selective,Wang2Vec,IOB2,True,False,25,200,66.39,46.68,54.82
170,5,5,selective,Wang2Vec,IOB2,True,False,50,100,62.85,50.05,55.73
172,5,5,selective,Wang2Vec,IOB2,True,True,25,100,71.54,64.54,67.86
173,5,5,selective,Wang2Vec,IOB2,True,True,25,200,70.18,62.85,66.31
174,5,5,selective,Wang2Vec,IOB2,True,True,50,100,68.55,63.79,66.08
175,5,5,selective,Wang2Vec,IOB2,True,True,50,200,66.65,67.8,67.22
176,5,5,selective,Wang2Vec,IOBES,False,False,25,100,55.92,59.13,57.48
178,5,5,selective,Wang2Vec,IOBES,False,False,50,100,64.38,49.84,56.18
179,5,5,selective,Wang2Vec,IOBES,False,False,50,200,62.37,52.6,57.07
180,5,5,selective,Wang2Vec,IOBES,False,True,25,100,67.54,66.19,66.86
181,5,5,selective,Wang2Vec,IOBES,False,True,25,200,67.21,65.4,66.29
182,5,5,selective,Wang2Vec,IOBES,False,True,50,100,67.71,67.44,67.58
183,5,5,selective,Wang2Vec,IOBES,False,True,50,200,69.0,63.86,66.33
184,5,5,selective,Wang2Vec,IOBES,True,False,25,100,61.53,54.64,57.88
185,5,5,selective,Wang2Vec,IOBES,True,False,25,200,62.28,49.26,55.02
186,5,5,selective,Wang2Vec,IOBES,True,False,50,100,65.13,50.56,56.92
187,5,5,selective,Wang2Vec,IOBES,True,False,50,200,59.67,53.53,56.44
188,5,5,selective,Wang2Vec,IOBES,True,True,25,100,67.3,64.93,66.09
189,5,5,selective,Wang2Vec,IOBES,True,True,25,200,68.91,63.25,65.96
190,5,5,selective,Wang2Vec,IOBES,True,True,50,100,67.68,64.93,66.28
191,5,5,selective,Wang2Vec,IOBES,True,True,50,200,67.26,66.3,66.78
192,6,5,selective,Wang2Vec,IOB2,False,False,25,100,58.63,52.85,55.59
193,6,5,selective,Wang2Vec,IOB2,False,False,25,200,66.8,47.11,55.26
194,6,5,selective,Wang2Vec,IOB2,False,False,50,100,59.76,52.13,55.69
195,6,5,selective,Wang2Vec,IOB2,False,False,50,200,61.56,53.28,57.12
196,6,5,selective,Wang2Vec,IOB2,False,True,25,100,69.88,65.72,67.74
197,6,5,selective,Wang2Vec,IOB2,False,True,25,200,64.61,67.08,65.82
198,6,5,selective,Wang2Vec,IOB2,False,True,50,100,72.42,63.0,67.38
199,6,5,selective,Wang2Vec,IOB2,False,True,50,200,69.31,65.58,67.39
200,6,5,selective,Wang2Vec,IOB2,True,False,25,100,57.43,55.97,56.69
201,6,5,selective,Wang2Vec,IOB2,True,False,25,200,58.12,55.18,56.61
202,6,5,selective,Wang2Vec,IOB2,True,False,50,100,66.04,47.97,55.58
203,6,5,selective,Wang2Vec,IOB2,True,False,50,200,62.32,47.44,53.87
204,6,5,selective,Wang2Vec,IOB2,True,True,25,100,66.97,68.2,67.58
205,6,5,selective,Wang2Vec,IOB2,True,True,25,200,69.11,63.21,66.03
206,6,5,selective,Wang2Vec,IOB2,True,True,50,100,67.18,62.96,65.0
208,6,5,selective,Wang2Vec,IOBES,False,False,25,100,63.02,52.67,57.38
209,6,5,selective,Wang2Vec,IOBES,False,False,25,200,63.91,51.31,56.92
210,6,5,selective,Wang2Vec,IOBES,False,False,50,100,56.24,45.21,50.13
211,6,5,selective,Wang2Vec,IOBES,False,False,50,200,61.98,55.0,58.28
212,6,5,selective,Wang2Vec,IOBES,False,True,25,100,70.29,63.03,66.47
213,6,5,selective,Wang2Vec,IOBES,False,True,25,200,72.08,61.38,66.31
214,6,5,selective,Wang2Vec,IOBES,False,True,50,100,69.93,60.63,64.95
215,6,5,selective,Wang2Vec,IOBES,False,True,50,200,67.73,62.24,64.87
216,6,5,selective,Wang2Vec,IOBES,True,False,25,100,58.66,56.01,57.3
217,6,5,selective,Wang2Vec,IOBES,True,False,25,200,60.61,51.81,55.87
218,6,5,selective,Wang2Vec,IOBES,True,False,50,100,60.18,52.03,55.81
220,6,5,selective,Wang2Vec,IOBES,True,True,25,100,65.55,67.26,66.4
221,6,5,selective,Wang2Vec,IOBES,True,True,25,200,65.63,67.98,66.78
222,6,5,selective,Wang2Vec,IOBES,True,True,50,100,69.52,65.44,67.42
223,6,5,selective,Wang2Vec,IOBES,True,True,50,200,70.25,62.57,66.19
224,7,5,selective,Wang2Vec,IOB2,False,False,25,100,59.74,53.35,56.36
225,7,5,selective,Wang2Vec,IOB2,False,False,25,200,60.09,50.09,54.63
226,7,5,selective,Wang2Vec,IOB2,False,False,50,100,62.21,54.82,58.28
227,7,5,selective,Wang2Vec,IOB2,False,False,50,200,58.11,46.11,51.42
228,7,5,selective,Wang2Vec,IOB2,False,True,25,100,64.56,61.85,63.18
229,7,5,selective,Wang2Vec,IOB2,False,True,25,200,67.97,64.61,66.25
230,7,5,selective,Wang2Vec,IOB2,False,True,50,100,66.7,68.38,67.53
232,7,5,selective,Wang2Vec,IOB2,True,False,25,100,61.78,54.14,57.71
233,7,5,selective,Wang2Vec,IOB2,True,False,25,200,67.23,48.69,56.48
234,7,5,selective,Wang2Vec,IOB2,True,False,50,100,64.0,48.69,55.3
235,7,5,selective,Wang2Vec,IOB2,True,False,50,200,61.64,54.86,58.05
236,7,5,selective,Wang2Vec,IOB2,True,True,25,100,66.29,67.19,66.74
237,7,5,selective,Wang2Vec,IOB2,True,True,25,200,56.89,53.46,55.12
238,7,5,selective,Wang2Vec,IOB2,True,True,50,100,68.19,65.4,66.76
239,7,5,selective,Wang2Vec,IOB2,True,True,50,200,72.62,60.38,65.94
240,7,5,selective,Wang2Vec,IOBES,False,False,25,100,66.33,49.73,56.84
241,7,5,selective,Wang2Vec,IOBES,False,False,25,200,62.75,50.48,55.95
242,7,5,selective,Wang2Vec,IOBES,False,False,50,100,58.22,56.36,57.28
243,7,5,selective,Wang2Vec,IOBES,False,False,50,200,59.95,55.72,57.76
244,7,5,selective,Wang2Vec,IOBES,False,True,25,100,66.61,67.23,66.92
245,7,5,selective,Wang2Vec,IOBES,False,True,25,200,65.67,65.83,65.75
246,7,5,selective,Wang2Vec,IOBES,False,True,50,100,65.58,65.79,65.69
247,7,5,selective,Wang2Vec,IOBES,False,True,50,200,69.05,64.79,66.85
248,7,5,selective,Wang2Vec,IOBES,True,False,25,100,59.08,54.57,56.74
249,7,5,selective,Wang2Vec,IOBES,True,False,25,200,66.12,48.08,55.68
250,7,5,selective,Wang2Vec,IOBES,True,False,50,100,63.19,50.23,55.97
251,7,5,selective,Wang2Vec,IOBES,True,False,50,200,64.53,49.7,56.15
252,7,5,selective,Wang2Vec,IOBES,True,True,25,100,64.46,68.16,66.26
253,7,5,selective,Wang2Vec,IOBES,True,True,25,200,69.24,63.43,66.21
254,7,5,selective,Wang2Vec,IOBES,True,True,50,100,66.38,66.98,66.68
255,7,5,selective,Wang2Vec,IOBES,True,True,50,200,70.19,63.57,66.72
256,8,5,selective,Wang2Vec,IOB2,False,False,25,100,67.69,46.04,54.8
257,8,5,selective,Wang2Vec,IOB2,False,False,25,200,61.95,52.42,56.79
258,8,5,selective,Wang2Vec,IOB2,False,False,50,100,64.86,48.19,55.3
259,8,5,selective,Wang2Vec,IOB2,False,False,50,200,62.58,50.2,55.71
260,8,5,selective,Wang2Vec,IOB2,False,True,25,100,66.14,64.65,65.39
261,8,5,selective,Wang2Vec,IOB2,False,True,25,200,67.82,64.75,66.25
262,8,5,selective,Wang2Vec,IOB2,False,True,50,100,68.22,64.72,66.42
263,8,5,selective,Wang2Vec,IOB2,False,True,50,200,72.16,63.0,67.27
264,8,5,selective,Wang2Vec,IOB2,True,False,25,100,62.09,54.21,57.89
265,8,5,selective,Wang2Vec,IOB2,True,False,25,200,63.93,47.79,54.7
266,8,5,selective,Wang2Vec,IOB2,True,False,50,100,64.19,46.4,53.86
269,8,5,selective,Wang2Vec,IOB2,True,True,25,200,70.22,60.95,65.26
270,8,5,selective,Wang2Vec,IOB2,True,True,50,100,67.32,65.44,66.36
271,8,5,selective,Wang2Vec,IOB2,True,True,50,200,65.96,66.22,66.09
273,8,5,selective,Wang2Vec,IOBES,False,False,25,200,65.38,46.72,54.5
274,8,5,selective,Wang2Vec,IOBES,False,False,50,100,63.68,49.66,55.8
275,8,5,selective,Wang2Vec,IOBES,False,False,50,200,66.73,47.69,55.63
276,8,5,selective,Wang2Vec,IOBES,False,True,25,100,65.67,65.58,65.63
277,8,5,selective,Wang2Vec,IOBES,False,True,25,200,71.04,58.48,64.15
278,8,5,selective,Wang2Vec,IOBES,False,True,50,100,68.84,65.18,66.96
279,8,5,selective,Wang2Vec,IOBES,False,True,50,200,67.59,64.83,66.18
280,8,5,selective,Wang2Vec,IOBES,True,False,25,100,60.5,52.67,56.32
281,8,5,selective,Wang2Vec,IOBES,True,False,25,200,55.89,55.11,55.5
282,8,5,selective,Wang2Vec,IOBES,True,False,50,100,59.47,54.25,56.74
283,8,5,selective,Wang2Vec,IOBES,True,False,50,200,59.48,53.89,56.55
284,8,5,selective,Wang2Vec,IOBES,True,True,25,100,68.81,66.69,67.73
285,8,5,selective,Wang2Vec,IOBES,True,True,25,200,64.81,66.3,65.54
286,8,5,selective,Wang2Vec,IOBES,True,True,50,100,67.63,65.26,66.42
287,8,5,selective,Wang2Vec,IOBES,True,True,50,200,69.16,62.39,65.6
288,9,5,selective,Wang2Vec,IOB2,False,False,25,100,53.7,55.47,54.57
289,9,5,selective,Wang2Vec,IOB2,False,False,25,200,66.05,49.87,56.83
290,9,5,selective,Wang2Vec,IOB2,False,False,50,100,61.85,51.45,56.18
291,9,5,selective,Wang2Vec,IOB2,False,False,50,200,63.89,51.2,56.85
292,9,5,selective,Wang2Vec,IOB2,False,True,25,100,67.51,67.05,67.28
293,9,5,selective,Wang2Vec,IOB2,False,True,25,200,69.7,62.42,65.86
294,9,5,selective,Wang2Vec,IOB2,False,True,50,100,64.38,66.55,65.44
296,9,5,selective,Wang2Vec,IOB2,True,False,25,100,65.47,48.4,55.66
297,9,5,selective,Wang2Vec,IOB2,True,False,25,200,56.34,56.72,56.53
298,9,5,selective,Wang2Vec,IOB2,True,False,50,100,58.95,53.71,56.21
299,9,5,selective,Wang2Vec,IOB2,True,False,50,200,61.76,51.2,55.99
300,9,5,selective,Wang2Vec,IOB2,True,True,25,100,65.34,65.9,65.62
301,9,5,selective,Wang2Vec,IOB2,True,True,25,200,69.7,63.5,66.45
302,9,5,selective,Wang2Vec,IOB2,True,True,50,100,68.69,66.62,67.64
303,9,5,selective,Wang2Vec,IOB2,True,True,50,200,68.45,64.25,66.28
304,9,5,selective,Wang2Vec,IOBES,False,False,25,100,59.76,56.51,58.09
305,9,5,selective,Wang2Vec,IOBES,False,False,25,200,67.82,49.26,57.07
306,9,5,selective,Wang2Vec,IOBES,False,False,50,100,61.23,53.07,56.86
307,9,5,selective,Wang2Vec,IOBES,False,False,50,200,62.22,52.03,56.67
308,9,5,selective,Wang2Vec,IOBES,False,True,25,100,69.74,63.79,66.63
309,9,5,selective,Wang2Vec,IOBES,False,True,25,200,67.52,62.24,64.78
311,9,5,selective,Wang2Vec,IOBES,False,True,50,200,68.91,63.64,66.17
312,9,5,selective,Wang2Vec,IOBES,True,False,25,100,61.14,53.03,56.8
313,9,5,selective,Wang2Vec,IOBES,True,False,25,200,56.11,59.09,57.56
314,9,5,selective,Wang2Vec,IOBES,True,False,50,100,69.22,47.01,55.99
315,9,5,selective,Wang2Vec,IOBES,True,False,50,200,66.45,52.06,58.38
316,9,5,selective,Wang2Vec,IOBES,True,True,25,100,70.49,65.44,67.87
317,9,5,selective,Wang2Vec,IOBES,True,True,25,200,69.6,64.43,66.91
318,9,5,selective,Wang2Vec,IOBES,True,True,50,100,68.66,64.72,66.63
319,9,5,selective,Wang2Vec,IOBES,True,True,50,200,67.61,65.4,66.48
320,0,5,selective,FastText,IOB2,False,False,25,100,58.83,56.51,57.64
321,0,5,selective,FastText,IOB2,False,False,25,200,61.47,47.54,53.62
322,0,5,selective,FastText,IOB2,False,False,50,100,63.31,50.48,56.17
323,0,5,selective,FastText,IOB2,False,False,50,200,60.44,52.1,55.96
324,0,5,selective,FastText,IOB2,False,True,25,100,65.9,65.54,65.72
326,0,5,selective,FastText,IOB2,False,True,50,100,70.2,57.44,63.18
327,0,5,selective,FastText,IOB2,False,True,50,200,64.21,64.97,64.59
328,0,5,selective,FastText,IOB2,True,False,25,100,68.63,48.01,56.5
329,0,5,selective,FastText,IOB2,True,False,25,200,58.4,51.74,54.87
330,0,5,selective,FastText,IOB2,True,False,50,100,65.1,51.02,57.21
331,0,5,selective,FastText,IOB2,True,False,50,200,65.6,50.95,57.36
332,0,5,selective,FastText,IOB2,True,True,25,100,70.04,64.04,66.9
333,0,5,selective,FastText,IOB2,True,True,25,200,65.86,63.14,64.47
334,0,5,selective,FastText,IOB2,True,True,50,100,68.98,63.14,65.93
335,0,5,selective,FastText,IOB2,True,True,50,200,64.75,62.57,63.64
336,0,5,selective,FastText,IOBES,False,False,25,100,56.18,55.72,55.95
337,0,5,selective,FastText,IOBES,False,False,25,200,56.11,57.26,56.68
338,0,5,selective,FastText,IOBES,False,False,50,100,62.59,47.33,53.9
339,0,5,selective,FastText,IOBES,False,False,50,200,62.52,51.74,56.62
340,0,5,selective,FastText,IOBES,False,True,25,100,67.04,64.47,65.73
341,0,5,selective,FastText,IOBES,False,True,25,200,70.48,61.56,65.72
342,0,5,selective,FastText,IOBES,False,True,50,100,62.88,69.13,65.86
343,0,5,selective,FastText,IOBES,False,True,50,200,57.35,56.26,56.8
344,0,5,selective,FastText,IOBES,True,False,25,100,61.21,53.14,56.89
345,0,5,selective,FastText,IOBES,True,False,25,200,63.94,50.16,56.22
346,0,5,selective,FastText,IOBES,True,False,50,100,62.48,52.96,57.33
347,0,5,selective,FastText,IOBES,True,False,50,200,62.93,52.78,57.41
348,0,5,selective,FastText,IOBES,True,True,25,100,65.15,66.15,65.65
349,0,5,selective,FastText,IOBES,True,True,25,200,68.65,60.45,64.29
350,0,5,selective,FastText,IOBES,True,True,50,100,64.48,55.79,59.82
351,0,5,selective,FastText,IOBES,True,True,50,200,65.28,65.65,65.46
352,1,5,selective,FastText,IOB2,False,False,25,100,64.86,50.77,56.96
353,1,5,selective,FastText,IOB2,False,False,25,200,59.18,53.53,56.21
356,1,5,selective,FastText,IOB2,False,True,25,100,65.59,68.02,66.78
357,1,5,selective,FastText,IOB2,False,True,25,200,64.76,62.93,63.83
359,1,5,selective,FastText,IOB2,False,True,50,200,70.51,58.73,64.08
360,1,5,selective,FastText,IOB2,True,False,25,100,58.89,51.06,54.7
361,1,5,selective,FastText,IOB2,True,False,25,200,58.95,56.08,57.48
362,1,5,selective,FastText,IOB2,True,False,50,100,55.75,55.97,55.86
363,1,5,selective,FastText,IOB2,True,False,50,200,60.51,50.99,55.34
364,1,5,selective,FastText,IOB2,True,True,25,100,67.07,65.36,66.21
365,1,5,selective,FastText,IOB2,True,True,25,200,70.44,60.67,65.19
366,1,5,selective,FastText,IOB2,True,True,50,100,70.01,60.77,65.07
367,1,5,selective,FastText,IOB2,True,True,50,200,64.83,62.32,63.55
368,1,5,selective,FastText,IOBES,False,False,25,100,56.55,50.63,53.42
369,1,5,selective,FastText,IOBES,False,False,25,200,61.49,54.11,57.56
371,1,5,selective,FastText,IOBES,False,False,50,200,60.74,50.81,55.33
372,1,5,selective,FastText,IOBES,False,True,25,100,67.29,65.58,66.42
373,1,5,selective,FastText,IOBES,False,True,25,200,65.66,60.81,63.14
374,1,5,selective,FastText,IOBES,False,True,50,100,66.99,64.54,65.74
375,1,5,selective,FastText,IOBES,False,True,50,200,68.99,63.18,65.96
376,1,5,selective,FastText,IOBES,True,False,25,100,60.31,55.15,57.61
377,1,5,selective,FastText,IOBES,True,False,25,200,64.33,48.69,55.43
378,1,5,selective,FastText,IOBES,True,False,50,100,58.57,49.26,53.52
379,1,5,selective,FastText,IOBES,True,False,50,200,68.6,45.43,54.66
380,1,5,selective,FastText,IOBES,True,True,25,100,65.16,64.72,64.94
381,1,5,selective,FastText,IOBES,True,True,25,200,68.7,64.29,66.42
382,1,5,selective,FastText,IOBES,True,True,50,100,70.33,58.73,64.01
383,1,5,selective,FastText,IOBES,True,True,50,200,68.6,61.1,64.63
384,2,5,selective,FastText,IOB2,False,False,25,100,63.22,51.77,56.93
385,2,5,selective,FastText,IOB2,False,False,25,200,59.14,51.85,55.25
386,2,5,selective,FastText,IOB2,False,False,50,100,63.67,48.83,55.28
387,2,5,selective,FastText,IOB2,False,False,50,200,62.07,51.81,56.48
388,2,5,selective,FastText,IOB2,False,True,25,100,68.06,60.88,64.27
389,2,5,selective,FastText,IOB2,False,True,25,200,64.95,62.24,63.57
390,2,5,selective,FastText,IOB2,False,True,50,100,66.39,63.46,64.89
391,2,5,selective,FastText,IOB2,False,True,50,200,68.45,61.53,64.8
392,2,5,selective,FastText,IOB2,True,False,25,100,61.24,50.48,55.35
393,2,5,selective,FastText,IOB2,True,False,25,200,61.59,52.49,56.68
394,2,5,selective,FastText,IOB2,True,False,50,100,64.08,52.71,57.84
395,2,5,selective,FastText,IOB2,True,False,50,200,59.79,53.21,56.31
396,2,5,selective,FastText,IOB2,True,True,25,100,71.36,60.67,65.58
397,2,5,selective,FastText,IOB2,True,True,25,200,66.23,65.18,65.7
398,2,5,selective,FastText,IOB2,True,True,50,100,67.3,66.26,66.78
399,2,5,selective,FastText,IOB2,True,True,50,200,65.69,63.21,64.43
400,2,5,selective,FastText,IOBES,False,False,25,100,64.46,49.16,55.78
401,2,5,selective,FastText,IOBES,False,False,25,200,66.12,50.38,57.18
402,2,5,selective,FastText,IOBES,False,False,50,100,63.18,51.38,56.67
403,2,5,selective,FastText,IOBES,False,False,50,200,67.36,47.36,55.62
404,2,5,selective,FastText,IOBES,False,True,25,100,64.78,65.76,65.27
405,2,5,selective,FastText,IOBES,False,True,25,200,66.86,64.54,65.68
406,2,5,selective,FastText,IOBES,False,True,50,100,65.35,67.55,66.43
407,2,5,selective,FastText,IOBES,False,True,50,200,67.68,63.61,65.58
408,2,5,selective,FastText,IOBES,True,False,25,100,56.6,55.36,55.97
409,2,5,selective,FastText,IOBES,True,False,25,200,66.12,51.02,57.6
410,2,5,selective,FastText,IOBES,True,False,50,100,62.58,53.5,57.68
411,2,5,selective,FastText,IOBES,True,False,50,200,54.6,54.93,54.76
412,2,5,selective,FastText,IOBES,True,True,25,100,64.18,65.9,65.03
413,2,5,selective,FastText,IOBES,True,True,25,200,69.67,59.88,64.4
414,2,5,selective,FastText,IOBES,True,True,50,100,66.68,65.79,66.23
415,2,5,selective,FastText,IOBES,True,True,50,200,69.13,63.03,65.94
416,3,5,selective,FastText,IOB2,False,False,25,100,59.05,56.76,57.88
417,3,5,selective,FastText,IOB2,False,False,25,200,64.73,46.65,54.22
418,3,5,selective,FastText,IOB2,False,False,50,100,55.8,57.4,56.59
419,3,5,selective,FastText,IOB2,False,False,50,200,60.07,52.49,56.03
420,3,5,selective,FastText,IOB2,False,True,25,100,65.48,64.22,64.84
421,3,5,selective,FastText,IOB2,False,True,25,200,69.79,61.89,65.6
422,3,5,selective,FastText,IOB2,False,True,50,100,66.75,64.0,65.35
423,3,5,selective,FastText,IOB2,False,True,50,200,68.42,62.14,65.13
424,3,5,selective,FastText,IOB2,True,False,25,100,59.05,56.51,57.75
425,3,5,selective,FastText,IOB2,True,False,25,200,54.02,56.11,55.05
426,3,5,selective,FastText,IOB2,True,False,50,100,57.36,55.75,56.55
427,3,5,selective,FastText,IOB2,True,False,50,200,56.4,57.48,56.93
428,3,5,selective,FastText,IOB2,True,True,25,100,68.51,63.89,66.12
429,3,5,selective,FastText,IOB2,True,True,25,200,66.86,61.63,64.14
430,3,5,selective,FastText,IOB2,True,True,50,100,67.58,66.15,66.86
431,3,5,selective,FastText,IOB2,True,True,50,200,66.31,63.86,65.06
432,3,5,selective,FastText,IOBES,False,False,25,100,60.65,55.75,58.1
433,3,5,selective,FastText,IOBES,False,False,25,200,66.38,46.72,54.84
434,3,5,selective,FastText,IOBES,False,False,50,100,61.97,52.17,56.65
435,3,5,selective,FastText,IOBES,False,False,50,200,60.66,53.57,56.89
436,3,5,selective,FastText,IOBES,False,True,25,100,68.48,63.71,66.01
437,3,5,selective,FastText,IOBES,False,True,25,200,69.53,58.34,63.44
438,3,5,selective,FastText,IOBES,False,True,50,100,62.84,65.54,64.16
439,3,5,selective,FastText,IOBES,False,True,50,200,68.79,60.7,64.5
440,3,5,selective,FastText,IOBES,True,False,25,100,57.8,53.96,55.81
441,3,5,selective,FastText,IOBES,True,False,25,200,63.93,51.74,57.19
442,3,5,selective,FastText,IOBES,True,False,50,100,63.28,56.72,59.82
444,3,5,selective,FastText,IOBES,True,True,25,100,69.4,63.68,66.42
445,3,5,selective,FastText,IOBES,True,True,25,200,66.56,62.46,64.45
446,3,5,selective,FastText,IOBES,True,True,50,100,68.71,61.35,64.82
447,3,5,selective,FastText,IOBES,True,True,50,200,66.06,66.15,66.11
448,4,5,selective,FastText,IOB2,False,False,25,100,58.87,55.11,56.93
449,4,5,selective,FastText,IOB2,False,False,25,200,59.54,54.18,56.73
450,4,5,selective,FastText,IOB2,False,False,50,100,57.93,55.29,56.58
451,4,5,selective,FastText,IOB2,False,False,50,200,62.26,52.06,56.71
452,4,5,selective,FastText,IOB2,False,True,25,100,62.95,68.66,65.68
453,4,5,selective,FastText,IOB2,False,True,25,200,68.91,61.74,65.13
454,4,5,selective,FastText,IOB2,False,True,50,100,68.59,61.53,64.86
455,4,5,selective,FastText,IOB2,False,True,50,200,65.83,63.68,64.73
456,4,5,selective,FastText,IOB2,True,False,25,100,54.3,55.97,55.12
457,4,5,selective,FastText,IOB2,True,False,25,200,59.49,50.59,54.68
458,4,5,selective,FastText,IOB2,True,False,50,100,61.02,53.39,56.95
459,4,5,selective,FastText,IOB2,True,False,50,200,61.97,51.88,56.48
460,4,5,selective,FastText,IOB2,True,True,25,100,64.57,65.01,64.78
461,4,5,selective,FastText,IOB2,True,True,25,200,66.42,63.97,65.17
462,4,5,selective,FastText,IOB2,True,True,50,100,68.92,64.72,66.75
463,4,5,selective,FastText,IOB2,True,True,50,200,64.34,44.25,52.43
464,4,5,selective,FastText,IOBES,False,False,25,100,60.81,50.23,55.02
465,4,5,selective,FastText,IOBES,False,False,25,200,58.78,53.39,55.96
466,4,5,selective,FastText,IOBES,False,False,50,100,65.33,51.27,57.45
467,4,5,selective,FastText,IOBES,False,False,50,200,58.87,50.7,54.48
468,4,5,selective,FastText,IOBES,False,True,25,100,66.51,65.72,66.11
469,4,5,selective,FastText,IOBES,False,True,25,200,66.47,63.68,65.04
470,4,5,selective,FastText,IOBES,False,True,50,100,67.61,61.89,64.62
471,4,5,selective,FastText,IOBES,False,True,50,200,68.23,63.07,65.55
472,4,5,selective,FastText,IOBES,True,False,25,100,62.2,52.64,57.02
473,4,5,selective,FastText,IOBES,True,False,25,200,62.08,51.77,56.46
474,4,5,selective,FastText,IOBES,True,False,50,100,60.37,55.11,57.62
475,4,5,selective,FastText,IOBES,True,False,50,200,58.3,55.25,56.74
477,4,5,selective,FastText,IOBES,True,True,25,200,68.08,61.1,64.4
478,4,5,selective,FastText,IOBES,True,True,50,100,66.0,65.83,65.91
479,4,5,selective,FastText,IOBES,True,True,50,200,66.94,64.32,65.61
480,5,5,selective,FastText,IOB2,False,False,25,100,59.32,48.73,53.5
481,5,5,selective,FastText,IOB2,False,False,25,200,60.04,50.81,55.04
482,5,5,selective,FastText,IOB2,False,False,50,100,62.74,49.7,55.46
483,5,5,selective,FastText,IOB2,False,False,50,200,61.19,53.32,56.98
484,5,5,selective,FastText,IOB2,False,True,25,100,66.98,65.76,66.37
485,5,5,selective,FastText,IOB2,False,True,25,200,63.28,65.61,64.43
486,5,5,selective,FastText,IOB2,False,True,50,100,73.04,58.87,65.2
487,5,5,selective,FastText,IOB2,False,True,50,200,66.58,64.22,65.38
488,5,5,selective,FastText,IOB2,True,False,25,100,58.26,51.34,54.58
489,5,5,selective,FastText,IOB2,True,False,25,200,58.13,53.17,55.54
490,5,5,selective,FastText,IOB2,True,False,50,100,63.06,51.77,56.86
491,5,5,selective,FastText,IOB2,True,False,50,200,57.81,56.01,56.89
492,5,5,selective,FastText,IOB2,True,True,25,100,65.83,67.08,66.45
495,5,5,selective,FastText,IOB2,True,True,50,200,69.77,59.09,63.99
498,5,5,selective,FastText,IOBES,False,False,50,100,58.46,52.78,55.47
499,5,5,selective,FastText,IOBES,False,False,50,200,60.88,52.46,56.36
500,5,5,selective,FastText,IOBES,False,True,25,100,69.05,62.96,65.87
501,5,5,selective,FastText,IOBES,False,True,25,200,64.66,64.36,64.51
502,5,5,selective,FastText,IOBES,False,True,50,100,62.9,65.11,63.99
504,5,5,selective,FastText,IOBES,True,False,25,100,65.37,47.44,54.98
505,5,5,selective,FastText,IOBES,True,False,25,200,61.82,50.34,55.49
506,5,5,selective,FastText,IOBES,True,False,50,100,57.82,57.91,57.86
507,5,5,selective,FastText,IOBES,True,False,50,200,58.44,59.59,59.01
508,5,5,selective,FastText,IOBES,True,True,25,100,67.96,61.99,64.84
509,5,5,selective,FastText,IOBES,True,True,25,200,70.6,62.17,66.12
511,5,5,selective,FastText,IOBES,True,True,50,200,65.02,66.44,65.72
512,6,5,selective,FastText,IOB2,False,False,25,100,59.65,50.99,54.98
514,6,5,selective,FastText,IOB2,False,False,50,100,65.21,49.12,56.03
515,6,5,selective,FastText,IOB2,False,False,50,200,63.76,50.16,56.15
516,6,5,selective,FastText,IOB2,False,True,25,100,65.37,65.51,65.44
517,6,5,selective,FastText,IOB2,False,True,25,200,66.55,65.61,66.08
518,6,5,selective,FastText,IOB2,False,True,50,100,64.64,66.48,65.55
519,6,5,selective,FastText,IOB2,False,True,50,200,64.7,66.51,65.59
520,6,5,selective,FastText,IOB2,True,False,25,100,60.17,56.54,58.3
521,6,5,selective,FastText,IOB2,True,False,25,200,64.07,51.27,56.96
522,6,5,selective,FastText,IOB2,True,False,50,100,60.35,54.46,57.26
523,6,5,selective,FastText,IOB2,True,False,50,200,59.14,56.01,57.53
524,6,5,selective,FastText,IOB2,True,True,25,100,65.03,66.8,65.9
525,6,5,selective,FastText,IOB2,True,True,25,200,67.68,64.43,66.02
526,6,5,selective,FastText,IOB2,True,True,50,100,67.45,61.89,64.55
527,6,5,selective,FastText,IOB2,True,True,50,200,66.72,63.11,64.86
528,6,5,selective,FastText,IOBES,False,False,25,100,55.76,57.83,56.78
529,6,5,selective,FastText,IOBES,False,False,25,200,54.23,55.9,55.05
530,6,5,selective,FastText,IOBES,False,False,50,100,65.2,50.99,57.22
531,6,5,selective,FastText,IOBES,False,False,50,200,61.37,53.5,57.16
532,6,5,selective,FastText,IOBES,False,True,25,100,66.07,63.61,64.82
533,6,5,selective,FastText,IOBES,False,True,25,200,63.71,63.71,63.71
534,6,5,selective,FastText,IOBES,False,True,50,100,64.56,62.64,63.59
535,6,5,selective,FastText,IOBES,False,True,50,200,69.64,59.05,63.91
536,6,5,selective,FastText,IOBES,True,False,25,100,63.86,52.46,57.6
537,6,5,selective,FastText,IOBES,True,False,25,200,64.18,50.23,56.36
538,6,5,selective,FastText,IOBES,True,False,50,100,65.94,50.05,56.91
539,6,5,selective,FastText,IOBES,True,False,50,200,65.79,49.52,56.51
540,6,5,selective,FastText,IOBES,True,True,25,100,69.7,60.77,64.93
541,6,5,selective,FastText,IOBES,True,True,25,200,69.92,58.26,63.56
543,6,5,selective,FastText,IOBES,True,True,50,200,66.77,61.6,64.08
544,7,5,selective,FastText,IOB2,False,False,25,100,63.9,50.59,56.47
545,7,5,selective,FastText,IOB2,False,False,25,200,63.99,49.7,55.94
546,7,5,selective,FastText,IOB2,False,False,50,100,58.32,58.66,58.49
547,7,5,selective,FastText,IOB2,False,False,50,200,59.25,53.85,56.42
548,7,5,selective,FastText,IOB2,False,True,25,100,64.63,64.4,64.51
549,7,5,selective,FastText,IOB2,False,True,25,200,67.9,62.96,65.34
550,7,5,selective,FastText,IOB2,False,True,50,100,50.83,50.56,50.69
551,7,5,selective,FastText,IOB2,False,True,50,200,67.18,62.96,65.0
552,7,5,selective,FastText,IOB2,True,False,25,100,61.11,49.3,54.57
553,7,5,selective,FastText,IOB2,True,False,25,200,65.43,48.87,55.95
554,7,5,selective,FastText,IOB2,True,False,50,100,64.94,50.34,56.72
556,7,5,selective,FastText,IOB2,True,True,25,100,69.11,61.92,65.32
557,7,5,selective,FastText,IOB2,True,True,25,200,67.66,63.75,65.65
558,7,5,selective,FastText,IOB2,True,True,50,100,67.98,63.03,65.41
559,7,5,selective,FastText,IOB2,True,True,50,200,67.38,63.93,65.61
561,7,5,selective,FastText,IOBES,False,False,25,200,60.98,50.38,55.17
562,7,5,selective,FastText,IOBES,False,False,50,100,62.3,54.68,58.24
564,7,5,selective,FastText,IOBES,False,True,25,100,70.08,61.31,65.4
566,7,5,selective,FastText,IOBES,False,True,50,100,58.86,54.07,56.36
569,7,5,selective,FastText,IOBES,True,False,25,200,58.95,55.72,57.29
570,7,5,selective,FastText,IOBES,True,False,50,100,61.33,50.95,55.66
571,7,5,selective,FastText,IOBES,True,False,50,200,65.58,48.23,55.58
572,7,5,selective,FastText,IOBES,True,True,25,100,65.78,68.38,67.05
573,7,5,selective,FastText,IOBES,True,True,25,200,67.15,59.52,63.11
574,7,5,selective,FastText,IOBES,True,True,50,100,65.9,63.07,64.46
576,8,5,selective,FastText,IOB2,False,False,25,100,59.73,56.47,58.05
577,8,5,selective,FastText,IOB2,False,False,25,200,62.53,51.09,56.24
578,8,5,selective,FastText,IOB2,False,False,50,100,63.83,50.48,56.38
580,8,5,selective,FastText,IOB2,False,True,25,100,65.45,62.89,64.14
582,8,5,selective,FastText,IOB2,False,True,50,100,67.28,61.85,64.45
583,8,5,selective,FastText,IOB2,False,True,50,200,62.07,64.14,63.09
584,8,5,selective,FastText,IOB2,True,False,25,100,60.23,55.32,57.67
585,8,5,selective,FastText,IOB2,True,False,25,200,62.84,50.81,56.19
586,8,5,selective,FastText,IOB2,True,False,50,100,67.22,47.72,55.82
587,8,5,selective,FastText,IOB2,True,False,50,200,63.16,50.41,56.07
588,8,5,selective,FastText,IOB2,True,True,25,100,66.06,65.26,65.66
589,8,5,selective,FastText,IOB2,True,True,25,200,69.72,61.35,65.27
590,8,5,selective,FastText,IOB2,True,True,50,100,68.67,60.34,64.24
591,8,5,selective,FastText,IOB2,True,True,50,200,66.09,66.05,66.07
593,8,5,selective,FastText,IOBES,False,False,25,200,56.42,56.69,56.56
594,8,5,selective,FastText,IOBES,False,False,50,100,58.85,52.56,55.53
595,8,5,selective,FastText,IOBES,False,False,50,200,61.78,52.85,56.97
596,8,5,selective,FastText,IOBES,False,True,25,100,68.16,63.25,65.61
597,8,5,selective,FastText,IOBES,False,True,25,200,66.8,64.22,65.48
599,8,5,selective,FastText,IOBES,False,True,50,200,64.67,62.75,63.69
600,8,5,selective,FastText,IOBES,True,False,25,100,58.3,58.3,58.3
602,8,5,selective,FastText,IOBES,True,False,50,100,61.18,47.01,53.16
603,8,5,selective,FastText,IOBES,True,False,50,200,61.37,53.89,57.39
604,8,5,selective,FastText,IOBES,True,True,25,100,68.49,62.28,65.24
605,8,5,selective,FastText,IOBES,True,True,25,200,68.66,62.6,65.49
606,8,5,selective,FastText,IOBES,True,True,50,100,67.22,61.92,64.46
607,8,5,selective,FastText,IOBES,True,True,50,200,66.97,62.67,64.75
608,9,5,selective,FastText,IOB2,False,False,25,100,62.26,55.36,58.61
610,9,5,selective,FastText,IOB2,False,False,50,100,66.93,47.9,55.84
611,9,5,selective,FastText,IOB2,False,False,50,200,66.88,47.87,55.8
612,9,5,selective,FastText,IOB2,False,True,25,100,70.89,59.73,64.84
613,9,5,selective,FastText,IOB2,False,True,25,200,64.45,61.56,62.97
614,9,5,selective,FastText,IOB2,False,True,50,100,66.87,65.51,66.18
615,9,5,selective,FastText,IOB2,False,True,50,200,64.4,63.5,63.95
616,9,5,selective,FastText,IOB2,True,False,25,100,60.78,55.5,58.02
618,9,5,selective,FastText,IOB2,True,False,50,100,62.5,49.84,55.46
619,9,5,selective,FastText,IOB2,True,False,50,200,62.5,45.0,52.32
620,9,5,selective,FastText,IOB2,True,True,25,100,69.21,62.07,65.44
621,9,5,selective,FastText,IOB2,True,True,25,200,69.13,62.96,65.9
622,9,5,selective,FastText,IOB2,True,True,50,100,66.05,65.51,65.78
623,9,5,selective,FastText,IOB2,True,True,50,200,68.36,60.67,64.29
624,9,5,selective,FastText,IOBES,False,False,25,100,57.33,55.36,56.33
625,9,5,selective,FastText,IOBES,False,False,25,200,61.13,49.62,54.78
626,9,5,selective,FastText,IOBES,False,False,50,100,66.27,50.3,57.2
627,9,5,selective,FastText,IOBES,False,False,50,200,60.17,53.78,56.8
628,9,5,selective,FastText,IOBES,False,True,25,100,50.38,54.68,52.44
629,9,5,selective,FastText,IOBES,False,True,25,200,66.26,66.91,66.58
630,9,5,selective,FastText,IOBES,False,True,50,100,64.53,66.33,65.42
631,9,5,selective,FastText,IOBES,False,True,50,200,65.64,65.83,65.74
632,9,5,selective,FastText,IOBES,True,False,25,100,63.26,50.99,56.46
633,9,5,selective,FastText,IOBES,True,False,25,200,64.7,51.6,57.41
634,9,5,selective,FastText,IOBES,True,False,50,100,62.66,52.89,57.36
635,9,5,selective,FastText,IOBES,True,False,50,200,59.52,53.82,56.52
636,9,5,selective,FastText,IOBES,True,True,25,100,65.63,64.22,64.91
637,9,5,selective,FastText,IOBES,True,True,25,200,67.2,63.03,65.05
638,9,5,selective,FastText,IOBES,True,True,50,100,67.09,65.72,66.4
640,0,5,selective,Glove,IOB2,False,False,25,100,59.87,51.2,55.2
641,0,5,selective,Glove,IOB2,False,False,25,200,62.64,45.68,52.83
642,0,5,selective,Glove,IOB2,False,False,50,100,57.35,54.54,55.91
643,0,5,selective,Glove,IOB2,False,False,50,200,59.45,51.09,54.96
644,0,5,selective,Glove,IOB2,False,True,25,100,65.74,60.42,62.97
645,0,5,selective,Glove,IOB2,False,True,25,200,68.0,58.98,63.17
646,0,5,selective,Glove,IOB2,False,True,50,100,62.77,62.5,62.63
647,0,5,selective,Glove,IOB2,False,True,50,200,59.19,63.97,61.49
648,0,5,selective,Glove,IOB2,True,False,25,100,59.85,50.77,54.94
649,0,5,selective,Glove,IOB2,True,False,25,200,58.76,52.31,55.35
650,0,5,selective,Glove,IOB2,True,False,50,100,63.94,48.51,55.17
651,0,5,selective,Glove,IOB2,True,False,50,200,59.85,49.98,54.47
652,0,5,selective,Glove,IOB2,True,True,25,100,64.04,64.61,64.32
653,0,5,selective,Glove,IOB2,True,True,25,200,63.89,62.42,63.15
654,0,5,selective,Glove,IOB2,True,True,50,100,62.41,63.28,62.84
655,0,5,selective,Glove,IOB2,True,True,50,200,64.25,57.48,60.67
656,0,5,selective,Glove,IOBES,False,False,25,100,58.28,52.38,55.17
657,0,5,selective,Glove,IOBES,False,False,25,200,57.44,53.42,55.36
658,0,5,selective,Glove,IOBES,False,False,50,100,65.45,49.59,56.43
659,0,5,selective,Glove,IOBES,False,False,50,200,62.22,50.3,55.63
660,0,5,selective,Glove,IOBES,False,True,25,100,64.72,58.09,61.22
661,0,5,selective,Glove,IOBES,False,True,25,200,65.07,58.05,61.36
662,0,5,selective,Glove,IOBES,False,True,50,100,66.69,59.09,62.66
664,0,5,selective,Glove,IOBES,True,False,25,100,62.13,51.34,56.22
665,0,5,selective,Glove,IOBES,True,False,25,200,63.89,47.26,54.33
666,0,5,selective,Glove,IOBES,True,False,50,100,56.68,53.07,54.81
667,0,5,selective,Glove,IOBES,True,False,50,200,56.98,56.94,56.96
668,0,5,selective,Glove,IOBES,True,True,25,100,66.11,61.28,63.6
669,0,5,selective,Glove,IOBES,True,True,25,200,63.13,61.63,62.37
670,0,5,selective,Glove,IOBES,True,True,50,100,63.72,62.46,63.08
671,0,5,selective,Glove,IOBES,True,True,50,200,69.0,58.66,63.41
672,1,5,selective,Glove,IOB2,False,False,25,100,56.48,52.85,54.6
673,1,5,selective,Glove,IOB2,False,False,25,200,57.49,52.03,54.62
674,1,5,selective,Glove,IOB2,False,False,50,100,59.04,43.89,50.35
675,1,5,selective,Glove,IOB2,False,False,50,200,61.59,43.24,50.81
676,1,5,selective,Glove,IOB2,False,True,25,100,61.41,62.03,61.72
677,1,5,selective,Glove,IOB2,False,True,25,200,68.68,57.01,62.3
678,1,5,selective,Glove,IOB2,False,True,50,100,70.18,55.79,62.17
679,1,5,selective,Glove,IOB2,False,True,50,200,66.1,59.63,62.7
680,1,5,selective,Glove,IOB2,True,False,25,100,56.89,52.99,54.87
681,1,5,selective,Glove,IOB2,True,False,25,200,57.68,53.6,55.57
682,1,5,selective,Glove,IOB2,True,False,50,100,53.33,57.12,55.16
683,1,5,selective,Glove,IOB2,True,False,50,200,63.19,46.97,53.89
684,1,5,selective,Glove,IOB2,True,True,25,100,62.25,59.95,61.08
685,1,5,selective,Glove,IOB2,True,True,25,200,62.69,64.11,63.39
686,1,5,selective,Glove,IOB2,True,True,50,100,64.68,63.11,63.88
687,1,5,selective,Glove,IOB2,True,True,50,200,63.53,61.71,62.6
688,1,5,selective,Glove,IOBES,False,False,25,100,57.0,57.8,57.4
690,1,5,selective,Glove,IOBES,False,False,50,100,59.66,50.84,54.9
691,1,5,selective,Glove,IOBES,False,False,50,200,61.46,50.48,55.43
692,1,5,selective,Glove,IOBES,False,True,25,100,61.58,63.61,62.57
693,1,5,selective,Glove,IOBES,False,True,25,200,65.58,60.67,63.03
694,1,5,selective,Glove,IOBES,False,True,50,100,65.43,59.99,62.59
695,1,5,selective,Glove,IOBES,False,True,50,200,63.46,61.2,62.31
696,1,5,selective,Glove,IOBES,True,False,25,100,55.27,55.61,55.44
697,1,5,selective,Glove,IOBES,True,False,25,200,61.55,50.27,55.34
698,1,5,selective,Glove,IOBES,True,False,50,100,57.31,51.31,54.14
699,1,5,selective,Glove,IOBES,True,False,50,200,56.78,54.21,55.47
700,1,5,selective,Glove,IOBES,True,True,25,100,64.55,62.28,63.39
701,1,5,selective,Glove,IOBES,True,True,25,200,66.59,59.88,63.05
702,1,5,selective,Glove,IOBES,True,True,50,100,67.16,61.96,64.45
703,1,5,selective,Glove,IOBES,True,True,50,200,63.38,63.43,63.41
704,2,5,selective,Glove,IOB2,False,False,25,100,63.82,47.51,54.47
705,2,5,selective,Glove,IOB2,False,False,25,200,59.95,51.42,55.36
706,2,5,selective,Glove,IOB2,False,False,50,100,60.64,50.48,55.1
707,2,5,selective,Glove,IOB2,False,False,50,200,61.49,49.23,54.68
708,2,5,selective,Glove,IOB2,False,True,25,100,64.66,63.43,64.04
709,2,5,selective,Glove,IOB2,False,True,25,200,62.89,61.67,62.27
710,2,5,selective,Glove,IOB2,False,True,50,100,62.29,57.8,59.96
711,2,5,selective,Glove,IOB2,False,True,50,200,67.59,58.69,62.83
712,2,5,selective,Glove,IOB2,True,False,25,100,58.32,51.42,54.65
713,2,5,selective,Glove,IOB2,True,False,25,200,59.59,51.92,55.49
715,2,5,selective,Glove,IOB2,True,False,50,200,58.39,51.77,54.88
716,2,5,selective,Glove,IOB2,True,True,25,100,66.08,61.67,63.8
717,2,5,selective,Glove,IOB2,True,True,25,200,65.99,58.66,62.11
718,2,5,selective,Glove,IOB2,True,True,50,100,66.5,63.36,64.89
720,2,5,selective,Glove,IOBES,False,False,25,100,59.3,52.56,55.73
721,2,5,selective,Glove,IOBES,False,False,25,200,58.93,53.96,56.34
722,2,5,selective,Glove,IOBES,False,False,50,100,56.82,53.17,54.94
723,2,5,selective,Glove,IOBES,False,False,50,200,66.06,46.47,54.56
724,2,5,selective,Glove,IOBES,False,True,25,100,63.51,60.6,62.02
726,2,5,selective,Glove,IOBES,False,True,50,100,60.54,60.45,60.5
727,2,5,selective,Glove,IOBES,False,True,50,200,65.67,63.25,64.44
728,2,5,selective,Glove,IOBES,True,False,25,100,54.8,56.87,55.82
729,2,5,selective,Glove,IOBES,True,False,25,200,55.92,55.36,55.64
730,2,5,selective,Glove,IOBES,True,False,50,100,59.98,54.75,57.24
731,2,5,selective,Glove,IOBES,True,False,50,200,63.52,47.76,54.52
732,2,5,selective,Glove,IOBES,True,True,25,100,67.71,58.34,62.67
733,2,5,selective,Glove,IOBES,True,True,25,200,63.6,60.2,61.85
734,2,5,selective,Glove,IOBES,True,True,50,100,69.11,57.51,62.78
735,2,5,selective,Glove,IOBES,True,True,50,200,63.53,59.34,61.36
736,3,5,selective,Glove,IOB2,False,False,25,100,57.15,51.74,54.31
737,3,5,selective,Glove,IOB2,False,False,25,200,55.91,52.71,54.26
738,3,5,selective,Glove,IOB2,False,False,50,100,63.33,50.66,56.29
739,3,5,selective,Glove,IOB2,False,False,50,200,63.68,46.4,53.68
741,3,5,selective,Glove,IOB2,False,True,25,200,60.05,63.75,61.84
742,3,5,selective,Glove,IOB2,False,True,50,100,62.17,64.93,63.52
743,3,5,selective,Glove,IOB2,False,True,50,200,62.5,63.0,62.75
744,3,5,selective,Glove,IOB2,True,False,25,100,57.28,50.09,53.44
745,3,5,selective,Glove,IOB2,True,False,25,200,59.64,51.56,55.31
746,3,5,selective,Glove,IOB2,True,False,50,100,62.74,47.94,54.35
747,3,5,selective,Glove,IOB2,True,False,50,200,60.38,50.77,55.16
748,3,5,selective,Glove,IOB2,True,True,25,100,60.11,63.64,61.83
749,3,5,selective,Glove,IOB2,True,True,25,200,64.21,61.49,62.82
750,3,5,selective,Glove,IOB2,True,True,50,100,64.23,61.74,62.96
751,3,5,selective,Glove,IOB2,True,True,50,200,65.81,61.42,63.54
752,3,5,selective,Glove,IOBES,False,False,25,100,60.21,49.91,54.58
753,3,5,selective,Glove,IOBES,False,False,25,200,52.61,53.78,53.19
754,3,5,selective,Glove,IOBES,False,False,50,100,59.36,50.84,54.77
755,3,5,selective,Glove,IOBES,False,False,50,200,63.93,45.57,53.21
756,3,5,selective,Glove,IOBES,False,True,25,100,64.67,63.14,63.9
757,3,5,selective,Glove,IOBES,False,True,25,200,65.23,59.52,62.24
759,3,5,selective,Glove,IOBES,False,True,50,200,69.92,57.26,62.96
760,3,5,selective,Glove,IOBES,True,False,25,100,59.73,52.96,56.14
761,3,5,selective,Glove,IOBES,True,False,25,200,62.26,51.06,56.11
762,3,5,selective,Glove,IOBES,True,False,50,100,54.87,54.71,54.79
764,3,5,selective,Glove,IOBES,True,True,25,100,64.22,61.28,62.72
765,3,5,selective,Glove,IOBES,True,True,25,200,63.36,63.86,63.61
766,3,5,selective,Glove,IOBES,True,True,50,100,63.94,59.3,61.53
767,3,5,selective,Glove,IOBES,True,True,50,200,63.67,61.71,62.67
768,4,5,selective,Glove,IOB2,False,False,25,100,57.34,55.18,56.24
769,4,5,selective,Glove,IOB2,False,False,25,200,58.2,52.06,54.96
770,4,5,selective,Glove,IOB2,False,False,50,100,58.12,53.39,55.65
771,4,5,selective,Glove,IOB2,False,False,50,200,55.83,50.27,52.91
772,4,5,selective,Glove,IOB2,False,True,25,100,66.92,57.44,61.82
773,4,5,selective,Glove,IOB2,False,True,25,200,63.0,63.0,63.0
774,4,5,selective,Glove,IOB2,False,True,50,100,66.78,61.99,64.3
775,4,5,selective,Glove,IOB2,False,True,50,200,66.61,61.31,63.85
776,4,5,selective,Glove,IOB2,True,False,25,100,54.53,55.04,54.78
777,4,5,selective,Glove,IOB2,True,False,25,200,54.67,50.95,52.75
778,4,5,selective,Glove,IOB2,True,False,50,100,60.26,48.87,53.97
779,4,5,selective,Glove,IOB2,True,False,50,200,66.61,46.22,54.57
781,4,5,selective,Glove,IOB2,True,True,25,200,67.09,55.4,60.68
782,4,5,selective,Glove,IOB2,True,True,50,100,66.95,58.41,62.39
783,4,5,selective,Glove,IOB2,True,True,50,200,65.96,61.71,63.76
784,4,5,selective,Glove,IOBES,False,False,25,100,62.26,49.8,55.34
785,4,5,selective,Glove,IOBES,False,False,25,200,60.44,48.98,54.11
786,4,5,selective,Glove,IOBES,False,False,50,100,64.52,47.47,54.7
787,4,5,selective,Glove,IOBES,False,False,50,200,59.9,54.11,56.86
789,4,5,selective,Glove,IOBES,False,True,25,200,65.14,60.77,62.88
790,4,5,selective,Glove,IOBES,False,True,50,100,62.1,64.11,63.09
791,4,5,selective,Glove,IOBES,False,True,50,200,66.79,60.34,63.4
792,4,5,selective,Glove,IOBES,True,False,25,100,56.82,51.99,54.3
793,4,5,selective,Glove,IOBES,True,False,25,200,56.4,50.7,53.4
794,4,5,selective,Glove,IOBES,True,False,50,100,61.68,53.03,57.03
795,4,5,selective,Glove,IOBES,True,False,50,200,57.56,54.86,56.18
796,4,5,selective,Glove,IOBES,True,True,25,100,62.32,63.21,62.76
797,4,5,selective,Glove,IOBES,True,True,25,200,64.95,61.85,63.36
798,4,5,selective,Glove,IOBES,True,True,50,100,59.87,64.07,61.9
799,4,5,selective,Glove,IOBES,True,True,50,200,70.08,58.95,64.03
800,5,5,selective,Glove,IOB2,False,False,25,100,55.82,54.71,55.26
801,5,5,selective,Glove,IOB2,False,False,25,200,63.44,46.72,53.81
802,5,5,selective,Glove,IOB2,False,False,50,100,61.5,51.02,55.77
803,5,5,selective,Glove,IOB2,False,False,50,200,59.43,52.21,55.58
804,5,5,selective,Glove,IOB2,False,True,25,100,65.18,59.81,62.38
805,5,5,selective,Glove,IOB2,False,True,25,200,61.01,59.63,60.31
806,5,5,selective,Glove,IOB2,False,True,50,100,66.02,60.81,63.31
807,5,5,selective,Glove,IOB2,False,True,50,200,66.16,62.46,64.26
808,5,5,selective,Glove,IOB2,True,False,25,100,58.16,48.3,52.77
809,5,5,selective,Glove,IOB2,True,False,25,200,62.81,43.24,51.22
810,5,5,selective,Glove,IOB2,True,False,50,100,58.46,52.67,55.41
811,5,5,selective,Glove,IOB2,True,False,50,200,59.31,51.85,55.33
812,5,5,selective,Glove,IOB2,True,True,25,100,64.3,59.99,62.07
813,5,5,selective,Glove,IOB2,True,True,25,200,65.3,58.16,61.52
814,5,5,selective,Glove,IOB2,True,True,50,100,64.72,60.7,62.65
815,5,5,selective,Glove,IOB2,True,True,50,200,66.16,60.85,63.39
816,5,5,selective,Glove,IOBES,False,False,25,100,59.14,46.97,52.36
817,5,5,selective,Glove,IOBES,False,False,25,200,59.31,53.24,56.11
818,5,5,selective,Glove,IOBES,False,False,50,100,58.88,55.18,56.97
819,5,5,selective,Glove,IOBES,False,False,50,200,61.23,50.16,55.14
820,5,5,selective,Glove,IOBES,False,True,25,100,64.25,63.79,64.02
821,5,5,selective,Glove,IOBES,False,True,25,200,60.35,63.68,61.97
823,5,5,selective,Glove,IOBES,False,True,50,200,65.78,60.92,63.25
824,5,5,selective,Glove,IOBES,True,False,25,100,60.14,54.54,57.2
826,5,5,selective,Glove,IOBES,True,False,50,100,58.78,55.83,57.26
828,5,5,selective,Glove,IOBES,True,True,25,100,62.84,63.79,63.31
829,5,5,selective,Glove,IOBES,True,True,25,200,65.6,59.02,62.14
830,5,5,selective,Glove,IOBES,True,True,50,100,60.97,61.56,61.27
831,5,5,selective,Glove,IOBES,True,True,50,200,61.34,61.78,61.56
832,6,5,selective,Glove,IOB2,False,False,25,100,58.58,57.3,57.93
833,6,5,selective,Glove,IOB2,False,False,25,200,56.58,51.31,53.82
834,6,5,selective,Glove,IOB2,False,False,50,100,66.43,47.47,55.37
835,6,5,selective,Glove,IOB2,False,False,50,200,55.24,52.71,53.94
836,6,5,selective,Glove,IOB2,False,True,25,100,63.16,60.13,61.61
837,6,5,selective,Glove,IOB2,False,True,25,200,67.41,56.01,61.18
838,6,5,selective,Glove,IOB2,False,True,50,100,60.04,60.6,60.31
839,6,5,selective,Glove,IOB2,False,True,50,200,66.43,59.52,62.78
840,6,5,selective,Glove,IOB2,True,False,25,100,56.52,56.9,56.71
841,6,5,selective,Glove,IOB2,True,False,25,200,59.86,46.9,52.59
842,6,5,selective,Glove,IOB2,True,False,50,100,58.35,49.59,53.62
843,6,5,selective,Glove,IOB2,True,False,50,200,57.85,53.53,55.61
844,6,5,selective,Glove,IOB2,True,True,25,100,62.07,64.36,63.19
845,6,5,selective,Glove,IOB2,True,True,25,200,60.49,64.22,62.3
846,6,5,selective,Glove,IOB2,True,True,50,100,64.72,61.89,63.27
847,6,5,selective,Glove,IOB2,True,True,50,200,63.85,62.5,63.16
848,6,5,selective,Glove,IOBES,False,False,25,100,57.57,54.97,56.24
849,6,5,selective,Glove,IOBES,False,False,25,200,63.64,49.52,55.7
850,6,5,selective,Glove,IOBES,False,False,50,100,60.99,49.73,54.79
851,6,5,selective,Glove,IOBES,False,False,50,200,65.16,48.62,55.69
852,6,5,selective,Glove,IOBES,False,True,25,100,47.1,58.01,51.99
853,6,5,selective,Glove,IOBES,False,True,25,200,66.32,58.87,62.37
854,6,5,selective,Glove,IOBES,False,True,50,100,62.59,60.88,61.72
855,6,5,selective,Glove,IOBES,False,True,50,200,64.98,61.53,63.2
856,6,5,selective,Glove,IOBES,True,False,25,100,57.09,53.53,55.26
857,6,5,selective,Glove,IOBES,True,False,25,200,62.65,49.01,55.0
858,6,5,selective,Glove,IOBES,True,False,50,100,62.51,51.34,56.38
859,6,5,selective,Glove,IOBES,True,False,50,200,58.45,53.93,56.1
860,6,5,selective,Glove,IOBES,True,True,25,100,65.35,61.2,63.21
862,6,5,selective,Glove,IOBES,True,True,50,100,65.5,59.84,62.54
863,6,5,selective,Glove,IOBES,True,True,50,200,64.46,63.61,64.03
864,7,5,selective,Glove,IOB2,False,False,25,100,55.5,55.15,55.32
866,7,5,selective,Glove,IOB2,False,False,50,100,58.27,51.31,54.57
867,7,5,selective,Glove,IOB2,False,False,50,200,58.28,54.14,56.13
868,7,5,selective,Glove,IOB2,False,True,25,100,64.75,62.82,63.77
869,7,5,selective,Glove,IOB2,False,True,25,200,66.65,61.13,63.77
870,7,5,selective,Glove,IOB2,False,True,50,100,67.5,60.63,63.88
871,7,5,selective,Glove,IOB2,False,True,50,200,66.34,56.62,61.09
872,7,5,selective,Glove,IOB2,True,False,25,100,61.54,48.66,54.35
873,7,5,selective,Glove,IOB2,True,False,25,200,53.67,57.98,55.74
874,7,5,selective,Glove,IOB2,True,False,50,100,59.24,49.41,53.88
875,7,5,selective,Glove,IOB2,True,False,50,200,59.47,48.73,53.57
876,7,5,selective,Glove,IOB2,True,True,25,100,62.91,63.18,63.04
877,7,5,selective,Glove,IOB2,True,True,25,200,66.27,57.69,61.68
878,7,5,selective,Glove,IOB2,True,True,50,100,64.38,58.77,61.44
879,7,5,selective,Glove,IOB2,True,True,50,200,63.42,57.51,60.32
880,7,5,selective,Glove,IOBES,False,False,25,100,59.82,51.13,55.13
881,7,5,selective,Glove,IOBES,False,False,25,200,62.17,50.56,55.76
883,7,5,selective,Glove,IOBES,False,False,50,200,62.3,47.11,53.65
884,7,5,selective,Glove,IOBES,False,True,25,100,68.15,54.39,60.5
885,7,5,selective,Glove,IOBES,False,True,25,200,64.29,60.99,62.59
886,7,5,selective,Glove,IOBES,False,True,50,100,63.81,61.96,62.87
887,7,5,selective,Glove,IOBES,False,True,50,200,60.21,62.17,61.17
888,7,5,selective,Glove,IOBES,True,False,25,100,59.1,57.15,58.11
890,7,5,selective,Glove,IOBES,True,False,50,100,60.42,48.98,54.1
891,7,5,selective,Glove,IOBES,True,False,50,200,62.95,44.17,51.92
892,7,5,selective,Glove,IOBES,True,True,25,100,60.02,58.73,59.37
893,7,5,selective,Glove,IOBES,True,True,25,200,62.06,60.99,61.52
894,7,5,selective,Glove,IOBES,True,True,50,100,63.37,61.1,62.21
895,7,5,selective,Glove,IOBES,True,True,50,200,64.29,61.06,62.63
896,8,5,selective,Glove,IOB2,False,False,25,100,59.2,53.89,56.42
897,8,5,selective,Glove,IOB2,False,False,25,200,59.34,49.87,54.2
898,8,5,selective,Glove,IOB2,False,False,50,100,52.71,52.64,52.67
899,8,5,selective,Glove,IOB2,False,False,50,200,62.33,46.32,53.15
900,8,5,selective,Glove,IOB2,False,True,25,100,70.76,56.65,62.92
901,8,5,selective,Glove,IOB2,False,True,25,200,65.92,57.15,61.23
902,8,5,selective,Glove,IOB2,False,True,50,100,62.53,62.46,62.49
903,8,5,selective,Glove,IOB2,False,True,50,200,67.68,56.47,61.57
904,8,5,selective,Glove,IOB2,True,False,25,100,59.26,50.02,54.25
905,8,5,selective,Glove,IOB2,True,False,25,200,55.13,55.9,55.51
906,8,5,selective,Glove,IOB2,True,False,50,100,58.07,53.82,55.86
907,8,5,selective,Glove,IOB2,True,False,50,200,58.07,50.7,54.13
908,8,5,selective,Glove,IOB2,True,True,25,100,68.38,57.76,62.62
909,8,5,selective,Glove,IOB2,True,True,25,200,70.45,55.65,62.18
910,8,5,selective,Glove,IOB2,True,True,50,100,65.06,62.1,63.55
911,8,5,selective,Glove,IOB2,True,True,50,200,64.95,63.39,64.16
912,8,5,selective,Glove,IOBES,False,False,25,100,64.83,44.75,52.95
914,8,5,selective,Glove,IOBES,False,False,50,100,57.84,46.0,51.25
915,8,5,selective,Glove,IOBES,False,False,50,200,65.71,46.58,54.51
916,8,5,selective,Glove,IOBES,False,True,25,100,62.9,61.46,62.17
917,8,5,selective,Glove,IOBES,False,True,25,200,64.77,62.89,63.82
918,8,5,selective,Glove,IOBES,False,True,50,100,67.4,58.19,62.46
919,8,5,selective,Glove,IOBES,False,True,50,200,65.56,61.17,63.29
920,8,5,selective,Glove,IOBES,True,False,25,100,63.46,49.87,55.85
921,8,5,selective,Glove,IOBES,True,False,25,200,61.31,51.99,56.27
922,8,5,selective,Glove,IOBES,True,False,50,100,49.17,51.24,50.18
923,8,5,selective,Glove,IOBES,True,False,50,200,62.36,49.19,55.0
924,8,5,selective,Glove,IOBES,True,True,25,100,62.38,63.25,62.81
925,8,5,selective,Glove,IOBES,True,True,25,200,64.71,58.84,61.63
926,8,5,selective,Glove,IOBES,True,True,50,100,63.81,61.06,62.4
927,8,5,selective,Glove,IOBES,True,True,50,200,71.89,54.0,61.67
928,9,5,selective,Glove,IOB2,False,False,25,100,60.01,53.75,56.71
929,9,5,selective,Glove,IOB2,False,False,25,200,58.5,47.62,52.5
930,9,5,selective,Glove,IOB2,False,False,50,100,62.01,48.98,54.73
931,9,5,selective,Glove,IOB2,False,False,50,200,60.18,50.13,54.69
932,9,5,selective,Glove,IOB2,False,True,25,100,68.47,58.55,63.12
933,9,5,selective,Glove,IOB2,False,True,25,200,64.18,61.42,62.77
934,9,5,selective,Glove,IOB2,False,True,50,100,62.7,63.18,62.94
936,9,5,selective,Glove,IOB2,True,False,25,100,60.39,54.5,57.29
937,9,5,selective,Glove,IOB2,True,False,25,200,58.54,48.4,52.99
938,9,5,selective,Glove,IOB2,True,False,50,100,59.51,52.64,55.86
939,9,5,selective,Glove,IOB2,True,False,50,200,57.4,53.96,55.63
940,9,5,selective,Glove,IOB2,True,True,25,100,64.38,62.46,63.4
941,9,5,selective,Glove,IOB2,True,True,25,200,61.21,61.46,61.33
942,9,5,selective,Glove,IOB2,True,True,50,100,62.75,61.42,62.08
943,9,5,selective,Glove,IOB2,True,True,50,200,66.6,56.76,61.29
944,9,5,selective,Glove,IOBES,False,False,25,100,59.36,53.46,56.25
945,9,5,selective,Glove,IOBES,False,False,25,200,57.84,51.45,54.46
946,9,5,selective,Glove,IOBES,False,False,50,100,61.7,49.62,55.01
947,9,5,selective,Glove,IOBES,False,False,50,200,59.61,53.07,56.15
948,9,5,selective,Glove,IOBES,False,True,25,100,63.3,62.78,63.04
949,9,5,selective,Glove,IOBES,False,True,25,200,63.22,58.3,60.66
950,9,5,selective,Glove,IOBES,False,True,50,100,68.67,58.69,63.29
951,9,5,selective,Glove,IOBES,False,True,50,200,61.59,65.94,63.69
952,9,5,selective,Glove,IOBES,True,False,25,100,59.8,50.52,54.77
953,9,5,selective,Glove,IOBES,True,False,25,200,62.6,51.38,56.44
954,9,5,selective,Glove,IOBES,True,False,50,100,55.07,56.83,55.94
955,9,5,selective,Glove,IOBES,True,False,50,200,51.41,57.55,54.31
956,9,5,selective,Glove,IOBES,True,True,25,100,63.73,60.92,62.29
957,9,5,selective,Glove,IOBES,True,True,25,200,65.74,61.63,63.62
959,9,5,selective,Glove,IOBES,True,True,50,200,52.02,59.91,55.69
960,0,5,selective,Word2Vec,IOB2,False,False,25,100,58.7,50.7,54.41
961,0,5,selective,Word2Vec,IOB2,False,False,25,200,54.51,54.14,54.33
962,0,5,selective,Word2Vec,IOB2,False,False,50,100,60.54,50.45,55.04
963,0,5,selective,Word2Vec,IOB2,False,False,50,200,62.1,49.87,55.32
964,0,5,selective,Word2Vec,IOB2,False,True,25,100,51.07,50.66,50.86
968,0,5,selective,Word2Vec,IOB2,True,False,25,100,53.54,55.65,54.57
969,0,5,selective,Word2Vec,IOB2,True,False,25,200,59.82,45.86,51.92
970,0,5,selective,Word2Vec,IOB2,True,False,50,100,60.0,49.91,54.49
972,0,5,selective,Word2Vec,IOB2,True,True,25,100,57.07,45.0,50.32
975,0,5,selective,Word2Vec,IOB2,True,True,50,200,51.8,48.37,50.03
976,0,5,selective,Word2Vec,IOBES,False,False,25,100,60.67,49.34,54.42
977,0,5,selective,Word2Vec,IOBES,False,False,25,200,58.13,50.88,54.26
978,0,5,selective,Word2Vec,IOBES,False,False,50,100,57.52,52.92,55.13
979,0,5,selective,Word2Vec,IOBES,False,False,50,200,59.53,48.26,53.31
982,0,5,selective,Word2Vec,IOBES,False,True,50,100,52.6,50.45,51.5
983,0,5,selective,Word2Vec,IOBES,False,True,50,200,52.2,48.87,50.48
984,0,5,selective,Word2Vec,IOBES,True,False,25,100,64.21,45.93,53.55
985,0,5,selective,Word2Vec,IOBES,True,False,25,200,57.01,52.49,54.66
986,0,5,selective,Word2Vec,IOBES,True,False,50,100,62.36,49.01,54.89
987,0,5,selective,Word2Vec,IOBES,True,False,50,200,58.54,52.74,55.49
988,0,5,selective,Word2Vec,IOBES,True,True,25,100,57.18,44.71,50.18
990,0,5,selective,Word2Vec,IOBES,True,True,50,100,51.53,49.52,50.5
992,1,5,selective,Word2Vec,IOB2,False,False,25,100,54.97,54.57,54.77
993,1,5,selective,Word2Vec,IOB2,False,False,25,200,51.66,54.0,52.81
994,1,5,selective,Word2Vec,IOB2,False,False,50,100,55.91,56.62,56.26
995,1,5,selective,Word2Vec,IOB2,False,False,50,200,59.94,50.05,54.55
996,1,5,selective,Word2Vec,IOB2,False,True,25,100,57.53,46.15,51.21
1000,1,5,selective,Word2Vec,IOB2,True,False,25,100,49.03,57.01,52.72
1001,1,5,selective,Word2Vec,IOB2,True,False,25,200,57.49,49.84,53.39
1002,1,5,selective,Word2Vec,IOB2,True,False,50,100,55.52,54.07,54.79
1003,1,5,selective,Word2Vec,IOB2,True,False,50,200,57.39,53.6,55.43
1008,1,5,selective,Word2Vec,IOBES,False,False,25,100,55.87,56.15,56.01
1009,1,5,selective,Word2Vec,IOBES,False,False,25,200,58.48,47.47,52.4
1010,1,5,selective,Word2Vec,IOBES,False,False,50,100,60.82,51.49,55.77
1011,1,5,selective,Word2Vec,IOBES,False,False,50,200,58.66,51.95,55.11
1012,1,5,selective,Word2Vec,IOBES,False,True,25,100,52.93,50.2,51.53
1016,1,5,selective,Word2Vec,IOBES,True,False,25,100,60.1,51.85,55.67
1017,1,5,selective,Word2Vec,IOBES,True,False,25,200,59.31,51.49,55.12
1018,1,5,selective,Word2Vec,IOBES,True,False,50,100,60.15,48.98,53.99
1019,1,5,selective,Word2Vec,IOBES,True,False,50,200,56.4,49.44,52.69
1023,1,5,selective,Word2Vec,IOBES,True,True,50,200,52.64,48.23,50.34
1024,2,5,selective,Word2Vec,IOB2,False,False,25,100,53.32,51.02,52.14
1025,2,5,selective,Word2Vec,IOB2,False,False,25,200,59.59,47.33,52.76
1027,2,5,selective,Word2Vec,IOB2,False,False,50,200,61.29,47.51,53.52
1030,2,5,selective,Word2Vec,IOB2,False,True,50,100,59.67,43.49,50.31
1031,2,5,selective,Word2Vec,IOB2,False,True,50,200,51.99,52.85,52.42
1032,2,5,selective,Word2Vec,IOB2,True,False,25,100,60.92,51.6,55.87
1033,2,5,selective,Word2Vec,IOB2,True,False,25,200,56.32,53.85,55.06
1034,2,5,selective,Word2Vec,IOB2,True,False,50,100,61.58,49.87,55.11
1035,2,5,selective,Word2Vec,IOB2,True,False,50,200,60.3,49.66,54.46
1038,2,5,selective,Word2Vec,IOB2,True,True,50,100,54.56,48.87,51.56
1039,2,5,selective,Word2Vec,IOB2,True,True,50,200,55.6,49.16,52.18
1040,2,5,selective,Word2Vec,IOBES,False,False,25,100,63.05,46.93,53.81
1041,2,5,selective,Word2Vec,IOBES,False,False,25,200,60.69,50.09,54.88
1042,2,5,selective,Word2Vec,IOBES,False,False,50,100,57.19,55.22,56.18
1043,2,5,selective,Word2Vec,IOBES,False,False,50,200,55.85,55.25,55.55
1048,2,5,selective,Word2Vec,IOBES,True,False,25,100,54.64,55.29,54.96
1049,2,5,selective,Word2Vec,IOBES,True,False,25,200,57.48,54.82,56.12
1050,2,5,selective,Word2Vec,IOBES,True,False,50,100,54.3,51.63,52.93
1054,2,5,selective,Word2Vec,IOBES,True,True,50,100,54.46,48.12,51.09
1056,3,5,selective,Word2Vec,IOB2,False,False,25,100,53.99,54.28,54.14
1057,3,5,selective,Word2Vec,IOB2,False,False,25,200,52.34,52.03,52.18
1059,3,5,selective,Word2Vec,IOB2,False,False,50,200,55.42,52.6,53.97
1060,3,5,selective,Word2Vec,IOB2,False,True,25,100,54.67,46.4,50.19
1063,3,5,selective,Word2Vec,IOB2,False,True,50,200,53.11,48.01,50.43
1064,3,5,selective,Word2Vec,IOB2,True,False,25,100,58.74,52.78,55.6
1065,3,5,selective,Word2Vec,IOB2,True,False,25,200,63.26,48.66,55.01
1066,3,5,selective,Word2Vec,IOB2,True,False,50,100,62.47,49.84,55.44
1067,3,5,selective,Word2Vec,IOB2,True,False,50,200,59.61,53.14,56.19
1068,3,5,selective,Word2Vec,IOB2,True,True,25,100,50.95,49.26,50.09
1072,3,5,selective,Word2Vec,IOBES,False,False,25,100,56.96,53.68,55.27
1073,3,5,selective,Word2Vec,IOBES,False,False,25,200,61.11,49.98,54.99
1074,3,5,selective,Word2Vec,IOBES,False,False,50,100,59.54,52.38,55.73
1075,3,5,selective,Word2Vec,IOBES,False,False,50,200,59.04,52.46,55.55
1080,3,5,selective,Word2Vec,IOBES,True,False,25,100,60.12,49.52,54.31
1081,3,5,selective,Word2Vec,IOBES,True,False,25,200,64.6,48.94,55.69
1082,3,5,selective,Word2Vec,IOBES,True,False,50,100,61.76,50.56,55.6
1088,4,5,selective,Word2Vec,IOB2,False,False,25,100,62.83,50.23,55.83
1089,4,5,selective,Word2Vec,IOB2,False,False,25,200,60.06,48.8,53.85
1090,4,5,selective,Word2Vec,IOB2,False,False,50,100,56.12,55.22,55.67
1091,4,5,selective,Word2Vec,IOB2,False,False,50,200,52.49,58.59,55.37
1092,4,5,selective,Word2Vec,IOB2,False,True,25,100,52.44,48.87,50.59
1094,4,5,selective,Word2Vec,IOB2,False,True,50,100,49.58,54.5,51.92
1095,4,5,selective,Word2Vec,IOB2,False,True,50,200,52.11,50.95,51.52
1096,4,5,selective,Word2Vec,IOB2,True,False,25,100,57.24,52.89,54.98
1097,4,5,selective,Word2Vec,IOB2,True,False,25,200,63.42,44.39,52.23
1098,4,5,selective,Word2Vec,IOB2,True,False,50,100,60.21,53.71,56.77
1104,4,5,selective,Word2Vec,IOBES,False,False,25,100,50.83,55.83,53.21
1105,4,5,selective,Word2Vec,IOBES,False,False,25,200,52.35,54.36,53.33
1106,4,5,selective,Word2Vec,IOBES,False,False,50,100,57.62,53.42,55.44
1107,4,5,selective,Word2Vec,IOBES,False,False,50,200,57.86,53.71,55.71
1109,4,5,selective,Word2Vec,IOBES,False,True,25,200,52.24,48.87,50.5
1112,4,5,selective,Word2Vec,IOBES,True,False,25,100,55.88,51.77,53.75
1113,4,5,selective,Word2Vec,IOBES,True,False,25,200,65.87,43.46,52.37
1114,4,5,selective,Word2Vec,IOBES,True,False,50,100,55.09,51.24,53.09
1115,4,5,selective,Word2Vec,IOBES,True,False,50,200,57.79,47.9,52.38
1118,4,5,selective,Word2Vec,IOBES,True,True,50,100,49.95,50.38,50.16
1120,5,5,selective,Word2Vec,IOB2,False,False,25,100,61.08,52.89,56.69
1121,5,5,selective,Word2Vec,IOB2,False,False,25,200,55.1,55.79,55.44
1122,5,5,selective,Word2Vec,IOB2,False,False,50,100,53.64,55.68,54.64
1123,5,5,selective,Word2Vec,IOB2,False,False,50,200,58.55,51.06,54.55
1125,5,5,selective,Word2Vec,IOB2,False,True,25,200,53.2,50.3,51.71
1129,5,5,selective,Word2Vec,IOB2,True,False,25,200,55.89,50.88,53.27
1130,5,5,selective,Word2Vec,IOB2,True,False,50,100,61.41,51.52,56.03
1131,5,5,selective,Word2Vec,IOB2,True,False,50,200,58.3,49.73,53.68
1133,5,5,selective,Word2Vec,IOB2,True,True,25,200,55.21,46.0,50.19
1136,5,5,selective,Word2Vec,IOBES,False,False,25,100,60.18,49.05,54.05
1137,5,5,selective,Word2Vec,IOBES,False,False,25,200,58.01,48.69,52.94
1138,5,5,selective,Word2Vec,IOBES,False,False,50,100,58.76,53.28,55.89
1139,5,5,selective,Word2Vec,IOBES,False,False,50,200,64.11,45.86,53.47
1144,5,5,selective,Word2Vec,IOBES,True,False,25,100,54.96,52.6,53.76
1145,5,5,selective,Word2Vec,IOBES,True,False,25,200,60.92,49.7,54.74
1146,5,5,selective,Word2Vec,IOBES,True,False,50,100,60.15,53.35,56.55
1147,5,5,selective,Word2Vec,IOBES,True,False,50,200,66.2,45.57,53.98
1153,6,5,selective,Word2Vec,IOB2,False,False,25,200,54.08,54.46,54.27
1154,6,5,selective,Word2Vec,IOB2,False,False,50,100,59.18,53.6,56.26
1155,6,5,selective,Word2Vec,IOB2,False,False,50,200,63.11,48.58,54.9
1160,6,5,selective,Word2Vec,IOB2,True,False,25,100,60.94,50.02,54.94
1161,6,5,selective,Word2Vec,IOB2,True,False,25,200,63.5,45.11,52.75
1162,6,5,selective,Word2Vec,IOB2,True,False,50,100,58.22,49.37,53.43
1163,6,5,selective,Word2Vec,IOB2,True,False,50,200,62.59,51.42,56.46
1168,6,5,selective,Word2Vec,IOBES,False,False,25,100,59.58,49.95,54.34
1169,6,5,selective,Word2Vec,IOBES,False,False,25,200,53.49,53.32,53.4
1170,6,5,selective,Word2Vec,IOBES,False,False,50,100,56.94,54.14,55.5
1171,6,5,selective,Word2Vec,IOBES,False,False,50,200,62.62,50.34,55.81
1176,6,5,selective,Word2Vec,IOBES,True,False,25,100,60.9,46.86,52.97
1177,6,5,selective,Word2Vec,IOBES,True,False,25,200,59.4,53.03,56.03
1178,6,5,selective,Word2Vec,IOBES,True,False,50,100,50.74,58.05,54.15
1179,6,5,selective,Word2Vec,IOBES,True,False,50,200,61.01,47.19,53.21
1183,6,5,selective,Word2Vec,IOBES,True,True,50,200,49.83,52.1,50.94
1184,7,5,selective,Word2Vec,IOB2,False,False,25,100,62.05,47.44,53.77
1185,7,5,selective,Word2Vec,IOB2,False,False,25,200,61.99,50.23,55.5
1186,7,5,selective,Word2Vec,IOB2,False,False,50,100,58.29,55.61,56.92
1187,7,5,selective,Word2Vec,IOB2,False,False,50,200,55.09,50.81,52.86
1192,7,5,selective,Word2Vec,IOB2,True,False,25,100,60.67,48.73,54.05
1193,7,5,selective,Word2Vec,IOB2,True,False,25,200,51.44,52.56,52.0
1194,7,5,selective,Word2Vec,IOB2,True,False,50,100,56.45,52.24,54.26
1195,7,5,selective,Word2Vec,IOB2,True,False,50,200,56.23,50.02,52.94
1196,7,5,selective,Word2Vec,IOB2,True,True,25,100,49.22,51.95,50.55
1200,7,5,selective,Word2Vec,IOBES,False,False,25,100,57.96,49.19,53.22
1201,7,5,selective,Word2Vec,IOBES,False,False,25,200,59.33,51.63,55.21
1202,7,5,selective,Word2Vec,IOBES,False,False,50,100,59.89,50.05,54.53
1207,7,5,selective,Word2Vec,IOBES,False,True,50,200,53.94,46.83,50.13
1208,7,5,selective,Word2Vec,IOBES,True,False,25,100,56.72,50.52,53.44
1209,7,5,selective,Word2Vec,IOBES,True,False,25,200,57.93,49.26,53.25
1210,7,5,selective,Word2Vec,IOBES,True,False,50,100,47.99,59.88,53.28
1211,7,5,selective,Word2Vec,IOBES,True,False,50,200,54.48,53.6,54.04
1215,7,5,selective,Word2Vec,IOBES,True,True,50,200,54.73,46.43,50.24
1216,8,5,selective,Word2Vec,IOB2,False,False,25,100,59.12,49.41,53.83
1217,8,5,selective,Word2Vec,IOB2,False,False,25,200,61.0,48.91,54.29
1218,8,5,selective,Word2Vec,IOB2,False,False,50,100,63.91,44.14,52.22
1219,8,5,selective,Word2Vec,IOB2,False,False,50,200,58.04,47.47,52.23
1220,8,5,selective,Word2Vec,IOB2,False,True,25,100,52.63,47.72,50.06
1221,8,5,selective,Word2Vec,IOB2,False,True,25,200,51.84,49.55,50.67
1222,8,5,selective,Word2Vec,IOB2,False,True,50,100,55.93,47.51,51.38
1224,8,5,selective,Word2Vec,IOB2,True,False,25,100,61.0,51.09,55.61
1225,8,5,selective,Word2Vec,IOB2,True,False,25,200,64.75,48.8,55.65
1226,8,5,selective,Word2Vec,IOB2,True,False,50,100,59.84,49.62,54.25
1227,8,5,selective,Word2Vec,IOB2,True,False,50,200,51.27,52.92,52.08
1232,8,5,selective,Word2Vec,IOBES,False,False,25,100,54.29,50.41,52.28
1233,8,5,selective,Word2Vec,IOBES,False,False,25,200,56.86,49.16,52.73
1234,8,5,selective,Word2Vec,IOBES,False,False,50,100,57.19,55.04,56.09
1235,8,5,selective,Word2Vec,IOBES,False,False,50,200,57.8,53.78,55.72
1239,8,5,selective,Word2Vec,IOBES,False,True,50,200,51.62,50.74,51.18
1240,8,5,selective,Word2Vec,IOBES,True,False,25,100,59.46,52.49,55.76
1241,8,5,selective,Word2Vec,IOBES,True,False,25,200,61.79,47.26,53.56
1242,8,5,selective,Word2Vec,IOBES,True,False,50,100,56.2,52.85,54.47
1243,8,5,selective,Word2Vec,IOBES,True,False,50,200,58.9,52.1,55.29
1246,8,5,selective,Word2Vec,IOBES,True,True,50,100,49.65,50.91,50.27
1248,9,5,selective,Word2Vec,IOB2,False,False,25,100,62.97,49.52,55.44
1249,9,5,selective,Word2Vec,IOB2,False,False,25,200,67.88,42.88,52.56
1250,9,5,selective,Word2Vec,IOB2,False,False,50,100,56.5,53.78,55.11
1251,9,5,selective,Word2Vec,IOB2,False,False,50,200,53.05,53.32,53.18
1252,9,5,selective,Word2Vec,IOB2,False,True,25,100,52.88,50.02,51.41
1256,9,5,selective,Word2Vec,IOB2,True,False,25,100,60.26,49.8,54.53
1257,9,5,selective,Word2Vec,IOB2,True,False,25,200,53.88,52.78,53.32
1258,9,5,selective,Word2Vec,IOB2,True,False,50,100,56.27,55.18,55.72
1259,9,5,selective,Word2Vec,IOB2,True,False,50,200,60.33,52.67,56.24
1260,9,5,selective,Word2Vec,IOB2,True,True,25,100,52.93,48.23,50.47
1261,9,5,selective,Word2Vec,IOB2,True,True,25,200,50.44,53.39,51.87
1264,9,5,selective,Word2Vec,IOBES,False,False,25,100,59.74,50.59,54.79
1265,9,5,selective,Word2Vec,IOBES,False,False,25,200,51.19,54.82,52.94
1266,9,5,selective,Word2Vec,IOBES,False,False,50,100,59.56,51.85,55.43
1267,9,5,selective,Word2Vec,IOBES,False,False,50,200,56.36,54.36,55.34
1270,9,5,selective,Word2Vec,IOBES,False,True,50,100,51.79,52.81,52.3
1272,9,5,selective,Word2Vec,IOBES,True,False,25,100,57.79,50.95,54.15
1273,9,5,selective,Word2Vec,IOBES,True,False,25,200,55.91,52.06,53.92
1274,9,5,selective,Word2Vec,IOBES,True,False,50,100,58.84,53.35,55.96
1275,9,5,selective,Word2Vec,IOBES,True,False,50,200,55.1,53.07,54.06
